name,year,made_at,size,catalog_no,filename
Still Life With Cabbage And Clogs,1881,The Hague,Oil on paper on panel 34 x 55 cm,F 1 - JH 81,deep1_still_life_with_cabbage_and_clogs.jpg
Beach At Scheveningen In Calm Weather,1882,The Hague,35.5 x 49.5 cm,F 2 - JH 173,deep2_beach_at_scheveningen_in_calm_weather.jpg
Dunes,1882,The Hague,Oil on panel 36 x 58.5 cm,F 2a - JH 176,deep3_dunes.jpg
Women Mending Nets In The Dunes,1882,The Hague,Oil on paper on panel 42 x 62.5 cm,F 7 - JH 178,deep4_women_mending_nets_in_the_dunes.jpg
"A Girl In The Street, Two Coaches In The Background",1882,The Hague,Oil on canvas on panel 42 x 53 cm,F 13 - JH 179,"deep5_a_girl_in_the_street,_two_coaches_in_the_background.jpg"
Girl In The Woods,1882,The Hague,Oil on panel 35 x 47 cm,F 8a - JH 180,deep6_girl_in_the_woods.jpg
Two Women In The Woods,1882,The Hague,Oil on paper on panel 35 x 24.5 cm,F 1665 - JH 181,deep7_two_women_in_the_woods.jpg
Girl In White In The Woods,1882,The Hague,39 x 59 cm,F 8 - JH 182,deep8_girl_in_white_in_the_woods.jpg
Edge Of A Wood,1882,The Hague,Oil on canvas on panel 34.5 x 49 cm,F 192 - JH 184,deep9_edge_of_a_wood.jpg
Man Stooping With Stick Or Spade,1882,The Hague,Oil on paper on panel 31 x 29.5 cm,F 12 - JH 185,deep10_man_stooping_with_stick_or_spade.jpg
Dunes With Figures,1882,The Hague,Oil on canvas on panel 24 x 32 cm,F 3 - JH 186,deep11_dunes_with_figures.jpg
Beach At Scheveningen In Stormy Weather,1882,Scheveningen,34.5 x 21 cm,F 4 - JH 187,deep12_beach_at_scheveningen_in_stormy_weather.jpg
Fisherman On The Beach,1882,The Hague,Oil on canvas on panel 51 x 33.5 cm,F 5 - JH 188,deep13_fisherman_on_the_beach.jpg
Fisherman'S Wife On The Beach,1882,The Hague,Oil on canvas on panel 52 x 34 cm,F 6 - JH 189,deep14_fisherman's_wife_on_the_beach.jpg
Cluster Of Old Houses With The New Church In The Hague,1882,The Hague,Oil on canvas on cardboard 34 x 25 cm,F 204 - JH 190,deep15_cluster_of_old_houses_with_the_new_church_in_the_hague.jpg
Bulb Fields,1883,The Hague,Oil on canvas on panel 48 x 65 cm,F 186 - JH 361,deep16_bulb_fields.jpg
Three Figures Near A Canal With Windmill,1883,The Hague,Unknown,F 1666 - JH 383,deep17_three_figures_near_a_canal_with_windmill.jpg
A Wind-Beaten Tree,1883,The Hague,35 x 47 cm,F 10 - JH 384,deep18_a_wind-beaten_tree.jpg
Potato Digging (Five Figures),1883,The Hague,39.5 x 94.5 cm,F 9 - JH 385,deep19_potato_digging_(five_figures).jpg
Footbridge Across A Ditch,1883,The Hague,60 x 45.8 cm,F 189 - JH 386,deep20_footbridge_across_a_ditch.jpg
Cows In The Meadow,1883,The Hague,Oil on canvas on panel 31.5 x 44 cm,F 15 - JH 387,deep21_cows_in_the_meadow.jpg
Lying Cow,1883,The Hague,30 x 50 cm,F 1b - JH 388,deep22_lying_cow.jpg
Lying Cow,1883,The Hague,19 x 47.5 cm,F 1c - JH 389,deep23_lying_cow.jpg
Farmhouses In Loosduinen Near The Hague At Twilight,1883,The Hague,Oil on canvas on panel 33 x 50 cm,F 16 - JH 391,deep24_farmhouses_in_loosduinen_near_the_hague_at_twilight.jpg
The Sower (Study),1883,The Hague,19 x 27.5 cm,F 11 - JH 392,deep25_the_sower_(study).jpg
Landscape With Dunes,1883,The Hague,Oil on panel 33.5 x 48.5 cm,F 15a - JH 393,deep26_landscape_with_dunes.jpg
Marshy Landscape,1883,The Hague,25 x 45.5 cm,JH 394,deep27_marshy_landscape.jpg
Cottages,1883,Nieuw-Amsterdam,35.5 x 55.5 cm,F 17 - JH 395,deep28_cottages.jpg
Farmhouse Among Trees,1883,The Hague,Oil on canvas on panel 28.5 x 39.5 cm,F 18 - JH 397,deep29_farmhouse_among_trees.jpg
Two Women In The Moor,1883,Nieuw-Amsterdam,27.8 x 36.5 cm,F 19 - JH 409,deep30_two_women_in_the_moor.jpg
Landscape With A Church At Twilight,1883,Drenthe,Oil on cardboard on panel 36 x 53 cm,F 188 - JH 413,deep31_landscape_with_a_church_at_twilight.jpg
Peat Boat With Two Figures,1883,Drenthe,Oil on canvas on panel 37 x 55.5 cm,F 21 - JH 415,deep32_peat_boat_with_two_figures.jpg
Peasant Burning Weeds,1883,Drenthe,Oil on canvas on panel 30.5 x 39.5 cm,F 20 - JH 417,deep33_peasant_burning_weeds.jpg
Farm With Stacks Of Peat,1883,Nieuw-Amsterdam,37.5 x 55 cm,F 22 - JH 421,deep34_farm_with_stacks_of_peat.jpg
Weaver Facing Right (Half-Figure),1884,Nuenen,48 x 46cm,F 26 - JH 450,deep35_weaver_facing_right_(half-figure).jpg
Weaver Facing Right,1884,Nuenen,Oil on canvas on panel 37 x 45cm,F 162 - JH 457,deep36_weaver_facing_right.jpg
The Old Tower At Nuenen With A Ploughman,1884,Nuenen,34.5 x 42cm,F 34 - JH 459,deep37_the_old_tower_at_nuenen_with_a_ploughman.jpg
Weaver Facing Left With Spinning Wheel,1884,Nuenen,61 x 85cm,F 29 - JH 471,deep38_weaver_facing_left_with_spinning_wheel.jpg
Landscape With Pollard Willows,1884,Nuenen,Oil on canvas on panel 43 x 58cm,F 31 - JH 477,deep39_landscape_with_pollard_willows.jpg
Weaver Arranging Threads,1884,Nuenen,Oil on canvas on panel 41 x 57cm,F 35 - JH 478,deep40_weaver_arranging_threads.jpg
The Old Tower Of Nuenen With People Walking,1884,Nuenen,Oil on canvas on panel 33.5 x 44cm,F 184 - JH 458,deep41_the_old_tower_of_nuenen_with_people_walking.jpg
Loom With Weaver,1884,Nuenen,70 x 85cm,F 30 - JH 479,deep42_loom_with_weaver.jpg
Weaver Standing In Front Of A Loom,1884,Nuenen,Oil on panel 19 x 41cm,F 32 - JH 480,deep43_weaver_standing_in_front_of_a_loom.jpg
The Parsonage Garden At Nuenen,1884,Nuenen,Oil on paper on panel 25 x 57cm,F 185 - JH 484,deep44_the_parsonage_garden_at_nuenen.jpg
Water Mill At Kollen Near Nuenen,1884,Nuenen,Oil on canvas on cardboard 57.5 x 78cm,F 48a - JH 488,deep45_water_mill_at_kollen_near_nuenen.jpg
Weaver Standing In Front Of A Loom,1884,Nuenen,55 x 79cm,F 33 - JH 489,deep46_weaver_standing_in_front_of_a_loom.jpg
The Old Church Tower At Nuenen,1884,Nuenen,Oil on canvas on panel 47.5 x 55cm,F 88 - JH 490,deep47_the_old_church_tower_at_nuenen.jpg
"Weaver, Nearer An Open Windows",1884,Nuenen,67.7 x 93.2cm,F 24 - JH 500,"deep48_weaver,_nearer_an_open_windows.jpg"
"Weaver, Interior With Three Small Windows",1884,Nuenen,61 x 93cm,F 37 - JH 501,"deep49_weaver,_interior_with_three_small_windows.jpg"
"Weaver, Seen From The Front",1884,Nuenen,Oil on canvas on panel 47 x 61.3cm,F 27 - JH 503,"deep50_weaver,_seen_from_the_front.jpg"
Cart With Red And White Ox,1884,Nuenen,Oil on canvas on panel 57 x 82.5cm,F 38 - JH 504,deep51_cart_with_red_and_white_ox.jpg
Cart With Black Ox,1884,Nuenen,60 x 80cm,F 39 - JH 505,deep52_cart_with_black_ox.jpg
The Old Tower In The Fields,1884,Nuenen,Oil on canvas on cardboard 35 x 47cm,F 40 - JH 507,deep53_the_old_tower_in_the_fields.jpg
Village At Sunset,1884,Nuenen,Oil on paper on cardboard 57 x 82cm,F 190 - JH 492,deep54_village_at_sunset.jpg
Farmers Planting Potatoes,1884,Nuenen,66 x 149cm,F 41 - JH 513,deep55_farmers_planting_potatoes.jpg
Potato Planting,1884,Nuenen,70.5 x 170cm,F 172 - JH 514,deep56_potato_planting.jpg
Wood Gatherers In The Snow,1884,Nuenen,Oil on canvas on panel 67 x 126cm,F 43 - JH 516,deep57_wood_gatherers_in_the_snow.jpg
Shepherd With A Flock Of Sheep,1884,Nuenen,Oil on canvas on cardboard 67 x 126cm,F 42 - JH 517,deep58_shepherd_with_a_flock_of_sheep.jpg
Avenue Of Poplars At Sunset,1884,Nuenen,45.5 x 32.5cm,F 123 - JH 518,deep59_avenue_of_poplars_at_sunset.jpg
Lane In Autumn,1884,Nuenen,Oil on canvas on panel 46 x 35cm,F 120 - JH 519,deep60_lane_in_autumn.jpg
Avenue Of Poplars In Autumn,1884,Nuenen,Oil on canvas on panel 99 x 66cm,F 122 - JH 522,deep61_avenue_of_poplars_in_autumn.jpg
Congregation Leaving The Reformed Church In Nuenen,188485,Nuenen,41.3 x 32.1cm,F 25 - JH 521,deep62_congregation_leaving_the_reformed_church_in_nuenen.jpg
Vase With Honesty,188485,Nuenen,42.7 x 31.7cm,F 76 - JH 542,deep63_vase_with_honesty.jpg
Water Mill At Gennep,1884,Nuenen,60 x 78.5cm,F 46 - JH 524,deep64_water_mill_at_gennep.jpg
Water Mill At Gennep,1884,Nuenen,85 x 151cm,F 125 - JH 525,deep65_water_mill_at_gennep.jpg
Water Mill At Gennep,1884,Nuenen,Oil on cardboard 75 x 100cm,F 1144a - JH 523,deep66_water_mill_at_gennep.jpg
Water Mill At Opwetten,1884,Nuenen,Oil on canvas on panel 45 x 58cm,F 48 - JH 527,deep67_water_mill_at_opwetten.jpg
"Still Life With Pots, Jar And Bottles",1884,Nuenen,29.5 x 39.5cm,F 178r - JH 528,"deep68_still_life_with_pots,_jar_and_bottles.jpg"
"Still Life With Four Stone Bottles, Flask And White Cup",1884,Nuenen,33 x 41cm,F 50 - JH 529,"deep69_still_life_with_four_stone_bottles,_flask_and_white_cup.jpg"
Still Life With Five Bottles,1884,Nuenen,46.5 x 56cm,F 56 - JH 530,deep70_still_life_with_five_bottles.jpg
"Still Life With Pottery, Beerr Glass And Bottle",1884,Nuenen,Oil on canvas on panel 31 x 41cm,F 58 - JH 531,"deep71_still_life_with_pottery,_beerr_glass_and_bottle.jpg"
Still Life With Two Sacks And A Bottle,1884,Nuenen,Oil on canvas on panel 31.7 x 42cm,F 55 - JH 532,deep72_still_life_with_two_sacks_and_a_bottle.jpg
Still Life With Two Sacks And A Bottle,1884,Nuenen,31.5 x 41.7cm,F61r - JH 533,deep73_still_life_with_two_sacks_and_a_bottle.jpg
Beer Tankards,1884,Nuenen,31.5 x 42.5cm,F49 - JH 534,deep74_beer_tankards.jpg
"Still Life With Coffee Mill, Pipe Case And Jug",1884,Nuenen,34 x 43cm,F 52 - JH 535,"deep75_still_life_with_coffee_mill,_pipe_case_and_jug.jpg"
Still Life With Clogs And Pots,1884,Nuenen,Oil on canvas on panel 42 x 54cm,F 54 - JH 536,deep76_still_life_with_clogs_and_pots.jpg
Still Life With Bottles And A Cowrie Shell,1884,Nuenen,Oil on canvas on cardboard 30.5 x 40cm,F 64 - JH 537,deep77_still_life_with_bottles_and_a_cowrie_shell.jpg
Still Life With Pottery And Two Bottles,1884,Nuenen,40 x 56cm,F 57 - JH 539,deep78_still_life_with_pottery_and_two_bottles.jpg
Still Life With Paintbrushes In A Pot,1884,Nuenen,Oil on canvas on panel 31.5 x 41.5cm,F 60 - JH 540,deep79_still_life_with_paintbrushes_in_a_pot.jpg
Vase With Dead Leaves,1884,Nuenen,Oil on canvas on panel 41.5 x 31cm,F 200 - JH 541,deep80_vase_with_dead_leaves.jpg
Two Rats,1884,Nuenen,Oil on panel 29.5 x 41.5cm,F 177 - JH 543,deep81_two_rats.jpg
"Peasant Woman, Seated With White Cap",1884,Nuenen,Oil on canvas on panel 36 x 26cm,F 143 - JH 546,"deep82_peasant_woman,_seated_with_white_cap.jpg"
Head Of A Peasant Woman With Dark Cap,1884,Nuenen,Oil on canvas panel 35 x 26cm,F 136a - JH 548,deep83_head_of_a_peasant_woman_with_dark_cap.jpg
Head Of An Old Peasant Woman With White Cap,1884,Nuenen,36.5 x 29.5cm,F 75 - JH 550,deep84_head_of_an_old_peasant_woman_with_white_cap.jpg
Head Of An Old Peasant Woman With White Cap,1884,Nuenen,Oil on canvas cardboard 33 x 26cm,F 146 - JH 551,deep85_head_of_an_old_peasant_woman_with_white_cap.jpg
Head Of A Peasant Woman With White Cap,1884,Nuenen,Oil on canvas panel 40.5 x 30.5cm,F 144 - JH 561,deep86_head_of_a_peasant_woman_with_white_cap.jpg
Head Of A Peasant With Cap,1884,Nuenen,39.4 x 30.2cm,F 160a - JH 563,deep87_head_of_a_peasant_with_cap.jpg
Head Of A Peasant Woman With Cap,1884,Nuenen,43.5 x 37cm,F 146a - JH 565,deep88_head_of_a_peasant_woman_with_cap.jpg
Head Of A Peasant Woman,1884,Nuenen,Oil on canvas on panel 40 x 32.5cm,F 132 - JH 574,deep89_head_of_a_peasant_woman.jpg
Head Of A Woman,188485,Nuenen,Oil on canvas on panel 47.8 x 34.8cm,F 159,deep90_head_of_a_woman.jpg
Still Life With Earthenware And Bottles,188485,Nuenen,40 x 50cm,F 53 - JH 538,deep91_still_life_with_earthenware_and_bottles.jpg
Head Of A Man,188485,Nuenen,37.7 x 29.5cm,F 164 - JH 558,deep92_head_of_a_man.jpg
Head Of A Woman,188485,Nuenen,42 x 33.3cm,F 156 - JH 569,deep93_head_of_a_woman.jpg
Head Of A Peasant With Cap,1885,Nuenen,35.5 x 26cm,F 169a - JH 583,deep94_head_of_a_peasant_with_cap.jpg
Head Of A Peasant Woman With Dark Cap,1885,Nuenen,39.5 x 30cm,F 133 - JH 584,deep95_head_of_a_peasant_woman_with_dark_cap.jpg
Head Of A Peasant Woman,1885,Nuenen,Oil on canvas on panel 37.5 x 24.5cm,F 135 - JH 585,deep96_head_of_a_peasant_woman.jpg
Head Of A Peasant Woman With Dark Cap,1885,Nuenen,Oil on canvas on panel 25 x 19cm,F 153a - JH 586,deep97_head_of_a_peasant_woman_with_dark_cap.jpg
Head Of A Woman,1885,Nuenen,Oil on canvas on panel 26 x 20cm,F 153 - JH 587,deep98_head_of_a_woman.jpg
Head Of A Peasant Woman,1885,Nuenen,40 x 30.5cm,F 137 - JH 593,deep99_head_of_a_peasant_woman.jpg
The Old Cemetery Tower At Nuenen In The Snow,1885,Nuenen,Oil on canvas on cardboard 30 x 41.5cm,F 87 - JH 600,deep100_the_old_cemetery_tower_at_nuenen_in_the_snow.jpg
The Old Station At Eindhoven,1885,Nuenen,13.5 x 24cm,F 67a - JH 602,deep101_the_old_station_at_eindhoven.jpg
The Parsonage Garden At Nuenen In The Snow,1885,Nuenen,Oil on canvas on panel 51 x 77cm,F 194 - JH 603,deep102_the_parsonage_garden_at_nuenen_in_the_snow.jpg
The Parsonage Garden At Nuenen In The Snow,1885,Nuenen,Oil on canvas on panel 53 x 78cm,F 67 - JH 604,deep103_the_parsonage_garden_at_nuenen_in_the_snow.jpg
Head Of A Peasant Woman With Brownish Cap,1885,Nuenen,40 x 30cm,F 154 - JH 608,deep104_head_of_a_peasant_woman_with_brownish_cap.jpg
Head Of A Peasant Woman With White Cap,1885,Nuenen,38 x 30cm,F 65 - JH 627,deep105_head_of_a_peasant_woman_with_white_cap.jpg
Head Of A Peasant Woman With Dark Cap,1885,Nuenen,40.6 x 31.7cm,F 1667 - JH 629,deep106_head_of_a_peasant_woman_with_dark_cap.jpg
Head Of A Peasant With A Pipe,1885,Nuenen,44 x 32cm,F 169 - JH 633,deep107_head_of_a_peasant_with_a_pipe.jpg
Head Of A Woman,1885,Nuenen,36 x 25.5cm,F 151 - JH 649,deep108_head_of_a_woman.jpg
Head Of A Peasant Woman With Dark Cap,1885,Nuenen,32 x 24.5cm,F 138 - JH 644,deep109_head_of_a_peasant_woman_with_dark_cap.jpg
"Peasant Woman, Seated (Half-Figure)",1885,Nuenen,Oil on canvas on panel 46 x 27cm,F 127 - JH 651,"deep110_peasant_woman,_seated_(half-figure).jpg"
Peasant Woman Peeling Potatoes,1885,Nuenen,Oil on canvas on panel 43 x 31cm,F 145 - JH 653,deep111_peasant_woman_peeling_potatoes.jpg
The Potato Peeler,1885,Nuenen,41 x 31.5cm,F 365r - JH 654,deep112_the_potato_peeler.jpg
Peasant Woman Sewing,1885,Nuenen,42.5 x 33cm,F 126a - JH 655,deep113_peasant_woman_sewing.jpg
Peasant Making A Basket,1885,Nuenen,41 x 33cm,F 171a - JH 657,deep114_peasant_making_a_basket.jpg
Peasant Making A Basket,1885,Nuenen,41 x 33cm,F 171 - JH 658,deep115_peasant_making_a_basket.jpg
Head Of A Peasant,1885,Nuenen,47 x 30cm,F 168 - JH 632,deep116_head_of_a_peasant.jpg
Head Of A Peasant Woman With Greenish Lace Cap,1885,Nuenen,Oil on canvas on panel 38 x 28.5cm,F 74 - JH 648,deep117_head_of_a_peasant_woman_with_greenish_lace_cap.jpg
Head Of A Young Peasant Woman With Dark Cap,1885,Nuenen,39 x 26cm,F 150 - JH 650,deep118_head_of_a_young_peasant_woman_with_dark_cap.jpg
Peasant Woman Sweeping The Floor,1885,Nuenen,41 x 27cm,F 152 - JH 656,deep119_peasant_woman_sweeping_the_floor.jpg
Peasant Woman Taking Her Meal,1885,Nuenen,42 x 29cm,F 72 - JH 718,deep120_peasant_woman_taking_her_meal.jpg
Head Of A Peasant Woman With White Cap,1885,Nuenen,Oil on canvas on panel 41 x 31.5cm,F 80 - JH 681,deep121_head_of_a_peasant_woman_with_white_cap.jpg
Head Of A Woman,1885,Nuenen,Oil on canvas marouflagued on triplex 42.2 x 34.8cm,F80a - JH 682,deep122_head_of_a_woman.jpg
Head Of A Peasant Woman With Brownish Cap,1885,Nuenen,Oil on canvas on panel 40 x 30cm,F 136 - JH 683,deep123_head_of_a_peasant_woman_with_brownish_cap.jpg
Head Of A Peasant Woman With Dark Cap,1885,Nuenen,Oil on canvas on panel 38.5 x 26.5cm,F 134 - JH 684,deep124_head_of_a_peasant_woman_with_dark_cap.jpg
Head Of A Peasant Woman With White Cap,1885,Nuenen,Oil on canvas on panel 41 x 35cm,F 131 - JH 685,deep125_head_of_a_peasant_woman_with_white_cap.jpg
Head Of A Young Peasant With A Peaked Cap,1885,Nuenen,39 x 30.5cm,F 163 - JH 687,deep126_head_of_a_young_peasant_with_a_peaked_cap.jpg
Head Of A Young Peasant With A Peaked Cap,1885,Nuenen,Oil on panel 44.5 x 33.5cm,F 165 - JH 688,deep127_head_of_a_young_peasant_with_a_peaked_cap.jpg
Peasant Woman With Child On Her Lap,1885,Nuenen,Oil on canvas on cardboard 43 x 34cm,F 149 - JH 690,deep128_peasant_woman_with_child_on_her_lap.jpg
"Gordinad De Groot, Hedad",1885,Nuenen,Oil on canvas on panel 41 x 32m,F 1668 - JH 691,"deep129_gordinad_de_groot,_hedad.jpg"
Head Of A Woman,1885,Nuenen,42.7 x 33.5cm,F130 - JH 692,deep130_head_of_a_woman.jpg
Head Of A Peasant Woman With White Cap,1885,Nuenen,Oil on canvas on panel 47 x 34.5m,F 85a - JH 694,deep131_head_of_a_peasant_woman_with_white_cap.jpg
Head Of A Peasant Woman With White Cap,1885,Nuenen,Oil on panel 41 x 31.5cm,F 81 - JH 695,deep132_head_of_a_peasant_woman_with_white_cap.jpg
Peasant Woman Standing Indoors,1885,Nuenen,Oil on canvas on panel 41 x 26cm,F 128 - JH 697,deep133_peasant_woman_standing_indoors.jpg
Woman Winding Yarn,1885,Nuenen,40.5 x 31.7cm,F36 - JH 698,deep134_woman_winding_yarn.jpg
Head Of A Peasant Woman With White Cap,1885,Nuenen,Oil on canvas on panel 36 x 27cm,F 144a - JH 704,deep135_head_of_a_peasant_woman_with_white_cap.jpg
Peasant Woman Darning Stockings,1885,Nuenen,Oil on canvas on panel 28.5 x 18.5cm,F 157 - JH 712,deep136_peasant_woman_darning_stockings.jpg
"Peasant Woman, Seen Against The Window",1885,Nuenen,Oil on canvas on cardboard 41 x 32cm,F 70 - JH 715,"deep137_peasant_woman,_seen_against_the_window.jpg"
Head Of A Woman,1885,Nuenen,38.8 x 31.3cm,F70a - JH 716,deep138_head_of_a_woman.jpg
Peasant Woman Seated Before An Open Window Peeling Pototoes,1885,Nuenen,Oil on canvas on panel 36.5 x 25cm,F 73 - JH 717,deep139_peasant_woman_seated_before_an_open_window_peeling_pototoes.jpg
Head Of A Woman,1885,Nuenen,43 x 30cm,F160 - JH 722,deep140_head_of_a_woman.jpg
Bobbin Winder,1885,Nuenen,34 x 44.3cm,F175 - JH 497,deep141_bobbin_winder.jpg
Peasant Sitting At Table,1885,Nuenen,44 x 32.5cm,F 167 - JH 689,deep142_peasant_sitting_at_table.jpg
Head Of A Peasant Woman With White Cap,1885,Nuenen,44 x 36cm,F 85 - JH 693,deep143_head_of_a_peasant_woman_with_white_cap.jpg
Woman Sewing,1885,Nuenen,43.2 x 34.2cm,F71 - JH 719,deep144_woman_sewing.jpg
Study For The Potato Eaters,1885,Nuenen,43.2 x 34.2cm,F77r - JH 686,deep145_study_for_the_potato_eaters.jpg
Peasant And Peasant Woman Planting Potatoes,1885,Nuenen,33 x 41cm,F 129a - JH 727,deep146_peasant_and_peasant_woman_planting_potatoes.jpg
The Potato Eaters,1885,Nuenen,Oil on canvas on panel 72 x 93cm,F 78 - JH 734,deep147_the_potato_eaters.jpg
Still Life With Copper Coffeepot And Two White Bowls,1885,Nuenen,23 x 34cm,F 202 - JH 738,deep148_still_life_with_copper_coffeepot_and_two_white_bowls.jpg
Two Hands,1885,Nuenen,Oil on canvas on panel 29.5 x 19cm,F 66 - JH 743,deep149_two_hands.jpg
Head Of A Peasant Woman With White Cap,1885,Nuenen,Oil on canvas on cardboard 47.5 x 35.5cm,F 140 - JH 745,deep150_head_of_a_peasant_woman_with_white_cap.jpg
Landscape With Church And HousesDisputed,1885,Nuenen,22 x 37cm,F 185a - JH 761,deep151_landscape_with_church_and_houses_disputed.jpg
Evening Landscape,1885,Nuenen,Oil on canvas on cardboard 35 x 43cm,F 191 - JH 762,deep152_evening_landscape.jpg
Landscape At Sunset,1885,Nuenen,27.5 x 41.5cm,F 79 - JH 763,deep153_landscape_at_sunset.jpg
The Potato Eaters,1885,Nuenen,82 x 114cm,F 82 - JH 764,deep154_the_potato_eaters.jpg
Head Of A Woman,1885,Nuenen,43.8 x 30cm,F 69 - JH 724,deep155_head_of_a_woman.jpg
Head Of A Woman,1885,Nuenen,42.2 x 34.5cm,F 269r - JH 725,deep156_head_of_a_woman.jpg
Old Church Tower At Nuenen ('The Peasants' Churchyard'),1885,Nuenen,65 x 88cm,F 84 - JH 772,deep157_old_church_tower_at_nuenen_('the_peasants'_churchyard').jpg
The Cottage,1885,Nuenen,65.7 x 79.3cm,F 83 - JH 777,deep158_the_cottage.jpg
Head Of A Woman,1885,Nuenen,43.5 x 36.2cm,F 388r - JH 782,deep159_head_of_a_woman.jpg
"Gordina De Groot, Head",1885,Nuenen,41 x 34.5cm,F 141 - JH 783,"deep160_gordina_de_groot,_head.jpg"
Head Of A Peasant Woman,1885,Nuenen,40.5 x 34cm,F 86 - JH 785,deep161_head_of_a_peasant_woman.jpg
Head Of A Man,1885,Nuenen,42.5 x 32cm,F 179r - JH 786,deep162_head_of_a_man.jpg
Head Of A Peasant Woman In A Green Shawl,1885,Nuenen,45 x 35cm,F 155 - JH 787,deep163_head_of_a_peasant_woman_in_a_green_shawl.jpg
Woman With A Mourning Shawl,1885,Nuenen,45.5 x 33cm,F 161 - JH 788,deep164_woman_with_a_mourning_shawl.jpg
Peasant Woman By The Fireplace,1885,Nuenen,Oil on canvas on panel 29.5 x 40cm,F 158 - JH 792,deep165_peasant_woman_by_the_fireplace.jpg
Peasant Woman Cooking By A Fireplace,1885,Nuenen,44 x 38cm,F 176 - JH 799,deep166_peasant_woman_cooking_by_a_fireplace.jpg
Peasant Woman Sitting On A Chair,1885,Nuenen,Oil on panel 34 x 26cm,F 126 - JH 800,deep167_peasant_woman_sitting_on_a_chair.jpg
Cottage With Peasant Woman Digging,1885,Nuenen,Oil on canvas on panel 30.5 x 40cm,F 89 - JH 803,deep168_cottage_with_peasant_woman_digging.jpg
Cottage With Trees,1885,Nuenen,Oil on canvas on panel 32 x 46cm,F 93 - JH 805,deep169_cottage_with_trees.jpg
Cottage With Trees,1885,Nuenen,22.5 x 34cm,F 92a - JH 806,deep170_cottage_with_trees.jpg
Peasant Woman Digging In Front Her Cottage,1885,Nuenen,Oil on canvas on cardboard 31.3 x 42cm,F 142 - JH 807,deep171_peasant_woman_digging_in_front_her_cottage.jpg
Cottage With Trees And Peasant Woman,1885,Nuenen,47.5 x 46cm,F 187 - JH 808,deep172_cottage_with_trees_and_peasant_woman.jpg
Cottage,1885,Nuenen,35.5 x 67cm,F 91 - JH 809,deep173_cottage.jpg
Cottage With Trees,1885,Nuenen,44 x 59.5cm,F 92 - JH 810,deep174_cottage_with_trees.jpg
Cottage And Woman With Goat,1885,Nuenen,60 x 85cm,F 90 - JH 823,deep175_cottage_and_woman_with_goat.jpg
Cottage,1885,Nuenen,33 x 43cm,JH Add.23,deep176_cottage.jpg
Cottage With Peasant Woman Coming Home,1885,Nuenen,63.5 x 76cm,F 170 - JH 824,deep177_cottage_with_peasant_woman_coming_home.jpg
Cottage With Decrepit Barn And Stooping Woman,1885,Nuenen,62 x 113cm,F 1669 - JH 825,deep178_cottage_with_decrepit_barn_and_stooping_woman.jpg
"Peasant Woman DiggingOr Woman With A Spade, Seen From Behind,",1885,Nuenen,Oil on canvas on panel 41.5 x 32cm,F 95 - JH 827,"deep179_peasant_woman_digging_or_woman_with_a_spade,_seen_from_behind,.jpg"
Two Peasant Woman Digging,1885,Nuenen,39 x 55cm,F 96 - JH 878,deep180_two_peasant_woman_digging.jpg
Peasant Digging,1885,Nuenen,45.5 x 31.5cm,F 166 - JH 850,deep181_peasant_digging.jpg
Peasant Woman Digging,1885,Nuenen,Oil on canvas on panel 37.5 x 25.7cm,F 94 - JH 893,deep182_peasant_woman_digging.jpg
Two Peasant Woman Digging Potatoes,1885,Nuenen,Oil on canvas on panel 31.5 x 42.5cm,F 97/129 - JH 876,deep183_two_peasant_woman_digging_potatoes.jpg
Woman Lifting Potatoes,1885,Nuenen,Oil on canvas on panel 41.8 x 32.5cm,F 147 - JH 891,deep184_woman_lifting_potatoes.jpg
Peasant Woman Digging,1885,Nuenen,Oil on canvas on panel 42 x 32cm,F 95a - JH 899,deep185_peasant_woman_digging.jpg
Peasant Woman Digging Up Potatoes,1885,Nuenen,Oil on canvas on panel 31.5 x 38cm,F 98 - JH 901,deep186_peasant_woman_digging_up_potatoes.jpg
Peasant Woman Digging Up Potatoes,1885,Nuenen,38.5 x 26.5cm,F 139 - JH 905,deep187_peasant_woman_digging_up_potatoes.jpg
Peasant Woman Laundering,1885,Nuenen,29.5 x 36cm,F 148 - JH 908,deep188_peasant_woman_laundering.jpg
Sheaves Of Wheat In A Field,1885,Nuenen,40 x 30cm,F 193 - JH 914,deep189_sheaves_of_wheat_in_a_field.jpg
"Still Life With Earthenware, Bottle And Clogs",1885,Nuenen,Oil on canvas on panel 39 x 41.5cm,F 63 - JH 920,"deep190_still_life_with_earthenware,_bottle_and_clogs.jpg"
Still Life With Two Jars And Two Pumpkins,1885,Nuenen,Oil on canvas on panel 58 x 85cm,F 59 - JH 921,deep191_still_life_with_two_jars_and_two_pumpkins.jpg
Still Life With Straw Hat,1885,Nuenen,36.5 x 53.5cm,F 62 - JH 922,deep192_still_life_with_straw_hat.jpg
Still Life With Ginger Jar And Apples,1885,Nuenen,Oil on canvas on panel 30.5 x 47cm,F 104 - JH 923,deep193_still_life_with_ginger_jar_and_apples.jpg
Still Life With Ginger Jar And Onions,1885,Nuenen,39.3 x 49.6cm,F 104a - JH 924,deep194_still_life_with_ginger_jar_and_onions.jpg
Still Life With Brass Cauldron And Jug,1885,Nuenen,65.5 x 80.5cm,F 51 - JH 925,deep195_still_life_with_brass_cauldron_and_jug.jpg
Still Life With An Earthen Bowl And Pears,1885,Nuenen,33 x 43.5cm,F 105 - JH 926,deep196_still_life_with_an_earthen_bowl_and_pears.jpg
Basket Of Apples,1885,Nuenen,33.5 x 44cm,F 101 - JH 927,deep197_basket_of_apples.jpg
Still Life With Vegetables And Fruit,1885,Nuenen,32.3 x 43.2cm,F 103 - JH 928,deep198_still_life_with_vegetables_and_fruit.jpg
Still Life With A Basket Of Vegetables,1885,Nuenen,35.5 x 45.5cm,F 212a - JH 929,deep199_still_life_with_a_basket_of_vegetables.jpg
Basket Of Apples,1885,Nuenen,40.5 x 60.4cm,F 99 - JH 930,deep200_basket_of_apples.jpg
Basket Of Potatoes,1885,Nuenen,45 x 60.5cm,F 100 - JH 931,deep201_basket_of_potatoes.jpg
Still Life With Potatoes,1885,Nuenen,47 x 57cm,F 118 - JH932,deep202_still_life_with_potatoes.jpg
Basket Of Potatoes,1885,Nuenen,65 x 78.5cm,F 107 - JH 933,deep203_basket_of_potatoes.jpg
Basket Of Potatoes,1885,Nuenen,50.8 x 66cm,F 116 - JH 934,deep204_basket_of_potatoes.jpg
Still Life With A Basket Of Apples,1885,Nuenen,30 x 47cm,F 115 - JH 935,deep205_still_life_with_a_basket_of_apples.jpg
"Still Life With A Basket Of Potatoes, Surrounded By Autumn Leaves And Vegetables",1885,Nuenen,75 x 93cm,F 102 - JH 937,"deep206_still_life_with_a_basket_of_potatoes,_surrounded_by_autumn_leaves_and_vegetables.jpg"
"Still Life With A Basket Of Apples, And Two Pumpkins",1885,Nuenen,59 x 84.5cm,F 106 - JH 936,"deep207_still_life_with_a_basket_of_apples,_and_two_pumpkins.jpg"
Still Life With Three Birds' Nests,1885,Nuenen,33 x 42cm,F 112 - JH 938,deep208_still_life_with_three_birds'_nests.jpg
Still Life With Birds' Nests,1885,Nuenen,39.3 x 46.5cm,F 111 - JH 939,deep209_still_life_with_birds'_nests.jpg
Still Life With Birds' Nests,1885,Nuenen,31.4 x 43cm,F 109r - JH 942,deep210_still_life_with_birds'_nests.jpg
The Vicarage At Nuenen,1885,Nuenen,33 x 43cm,F 182 - JH 948,deep211_the_vicarage_at_nuenen.jpg
Still Life With Three Birds' Nests,1885,Nuenen,33.5 x 50cm,F 108 - JH 940,deep212_still_life_with_three_birds'_nests.jpg
Still Life With Three Birds' Nests,1885,Nuenen,Oil on canvas on panel 43 x 57cm,F 110 - JH 941,deep213_still_life_with_three_birds'_nests.jpg
View Of Amsterdam From Central Station,1885,Nuenen,Oil on panel 19 x 25.5cm,F 113 - JH 944,deep214_view_of_amsterdam_from_central_station.jpg
City View Of Amsterdam(Disputed),1885,Nuenen,Oil on canvas on panel 35 x 47cm,F 114 - JH 945,deep215_city_view_of_amsterdam_(disputed).jpg
Still Life With Bible,1885,Nuenen,65.7 x 78.5cm,F117 - JH 946,deep216_still_life_with_bible.jpg
View Of A Town With Drawbridge,1885,Nuenen,Oil on panel 42 x 49.5cm,F 210 - 947,deep217_view_of_a_town_with_drawbridge.jpg
Autumn Landscape,1885,Nuenen,Oil on canvas on panel 64.8 x 86.4cm,F 119 - 949,deep218_autumn_landscape.jpg
Country Lane With Two Figures,1885,Nuenen,Oil on canvas on panel 32 x 39.5cm,F 191a - JH 950,deep219_country_lane_with_two_figures.jpg
The De Ruijterkade In Amsterdam,1885,Amsterdam,Oil on panel 20.3 x 27cm,F 211 - JH 973,deep220_the_de_ruijterkade_in_amsterdam.jpg
Autumn Landscape At Dusk,1885,Nuenen,Oil on canvas on panel 51 x 93cm,F 121 - JH 956,deep221_autumn_landscape_at_dusk.jpg
Flying Fox,1885,Nuenen,41.5 x 79cm,F 177a - JH 1192,deep222_flying_fox.jpg
The Parsonage At Nuenen By Moonlight,1885,Nuenen,41 x 54.5cm,F 183 - JH 952,deep223_the_parsonage_at_nuenen_by_moonlight.jpg
The Parsonage Garden At Nuenen With Pond And Figures,1885,Nuenen,Oil on panel 92 x 104cm,F 124 - JH 955,deep224_the_parsonage_garden_at_nuenen_with_pond_and_figures.jpg
Landscape With Windblown Trees,1885,Nuenen,32 x 50cm,F 196 - JH 957,deep225_landscape_with_windblown_trees.jpg
Lane With Poplars,1885,Nuenen,78 x 98cm,F 45 - JH 959,deep226_lane_with_poplars.jpg
The Willow,1885,Nuenen,42 x 30,F 195 - JH 961,deep227_the_willow.jpg
Autumn Landscape With Four Trees,1885,Nuenen,64 x 89cm,F 44 - JH 962,deep228_autumn_landscape_with_four_trees.jpg
Backyards Of Old Houses In Antwerp In The Snow,1885,Antwerp,44 x 33.5cm,F 260 - JH 970,deep229_backyards_of_old_houses_in_antwerp_in_the_snow.jpg
Portrait Of An Old Man With Beard,1885,Antwerp,44.5 x 33.5cm,F 205 - JH 971,deep230_portrait_of_an_old_man_with_beard.jpg
Head Of A Woman With Her Hair Loose,1885,Antwerp,35 x 24cm,F 206 - JH 972,deep231_head_of_a_woman_with_her_hair_loose.jpg
Head Of An Old Woman With White Cap (The Midwife),1885,Antwerp,50 x 40cm,F 174 - JH 978,deep232_head_of_an_old_woman_with_white_cap_(the_midwife).jpg
Portrait Of A Woman With Red Ribbon,1885,Antwerp,60 x 50cm,F 207 - JH 979,deep233_portrait_of_a_woman_with_red_ribbon.jpg
Skull Of A Skeleton With Burning Cigarette,188586,Antwerp,32 x 24.5cm,F 212 - JH 999,deep234_skull_of_a_skeleton_with_burning_cigarette.jpg
Portrait Of A Woman In Blue,1885,Antwerp,46 x 38.5cm,F 207a - JH 1204,deep235_portrait_of_a_woman_in_blue.jpg
"Nude Study Of A Little Girl, Seated",1886[],Paris,27 x 22.5cm,F 215 - JH 1045,"deep236_nude_study_of_a_little_girl,_seated.jpg"
Plaster Statuette Of A Female Torso,1886,Paris,47 x 38cm,F 216a - JH 1054,deep237_plaster_statuette_of_a_female_torso.jpg
Plaster Statuette Of A Female Torso,1886,Paris,40.5 x 27cm,F 216g - JH 1055,deep238_plaster_statuette_of_a_female_torso.jpg
Plaster Statuette Of A Female Torso,1886,Paris,41 x 32.5cm,F 216h - JH 1058,deep239_plaster_statuette_of_a_female_torso.jpg
Plaster Statuette Of A Female Torso,1886,Paris,35 x 27cm,F 216j - JH 1059,deep240_plaster_statuette_of_a_female_torso.jpg
Plaster Statuette Of A Female Torso,1886,Paris,46.5 x 38cm,F 216b - JH 1060,deep241_plaster_statuette_of_a_female_torso.jpg
Plaster Statuette Of A Female Torso,1886,Paris,Oil on cardboard on multiplex board 35 x 27cm,F 216d - JH 1071,deep242_plaster_statuette_of_a_female_torso.jpg
Plaster Statuette Of A Female Torso,1886,Paris,Oil on cardboard on multiplex board 32.5 x 24cm,F 216i - JH 1072,deep243_plaster_statuette_of_a_female_torso.jpg
Plaster Statuette Of A Kneeling Man,1886,Paris,Oil on cardboard on multiplex board 35 x 27cm,F 216f - JH 1076,deep244_plaster_statuette_of_a_kneeling_man.jpg
Plaster Statuette Of A Male Torso,1886,Paris,Oil on cardboard on multiplex board 35 x 27cm,F 216e - JH 1078,deep245_plaster_statuette_of_a_male_torso.jpg
Horse,1886,Paris,Oil on cardboard on multiplex board 33 x 41cm,F 216c - JH 1082,deep246_horse.jpg
Self-Portrait With Dark Felt Hat,1886,Paris,41.5 x 32.5cm,F 208a - JH 1089,deep247_self-portrait_with_dark_felt_hat.jpg
Self-Portrait With Dark Felt Hat At The Easel,1886,Paris,46.5 x 38.5cm,F 181 - JH 1090,deep248_self-portrait_with_dark_felt_hat_at_the_easel.jpg
Glass With Hellebores,1886,Paris,31 x 22.5cm,F 199 - JH 1091,deep249_glass_with_hellebores.jpg
Bowl With Daffodils,1886,Paris,44 x 30cm,JH Add.1,deep250_bowl_with_daffodils.jpg
Flowers In A Blue Vase,1886,Paris,58 x 43.5cm,JH Add.20,deep251_flowers_in_a_blue_vase.jpg
Vase With Flowers,1886,Paris,41.3 x 33cm,Verified as authentic by the Van Gogh Museum in 1991,deep252_vase_with_flowers.jpg
Fritillaries,1886,Paris,38 x 55cm,F 214 - JH 1092,deep253_fritillaries.jpg
Tambourine With Pansies,1886,Paris,46 x 55.5cm,F 244 - JH 1093,deep254_tambourine_with_pansies.jpg
Still Life With Scabiosa And Ranunculus,1886,Paris,26 x 20cm,F 666 - JH 1094,deep255_still_life_with_scabiosa_and_ranunculus.jpg
View Of Roofs And Backs Of Houses,1886,Paris,30 x 41cm,F 231 - JH 1099,deep256_view_of_roofs_and_backs_of_houses.jpg
View Of Paris From Near Montmartre,1886,Paris,44.5 x 37cm,F 265 - JH 1100,deep257_view_of_paris_from_near_montmartre.jpg
View Of The Roofs Of Paris,1886,Paris,54 x 72.5cm,F 261 - JH 1101,deep258_view_of_the_roofs_of_paris.jpg
View Of Paris From Montmartre,1886,Paris,38.5 x 61.5,F 262 - JH 1102,deep259_view_of_paris_from_montmartre.jpg
Still Life With Meadow Flowers And Roses,1886,Paris,99 x 79cm,F 278 - JH 1103,deep260_still_life_with_meadow_flowers_and_roses.jpg
Vase With Red Poppies,1886,Paris,56 x 46.5cm,F 279 - JH 1104[b],deep261_vase_with_red_poppies.jpg
Bowl With Peonies And Roses,1886,Paris,59 x 71cm,F 249 - JH 1105,deep262_bowl_with_peonies_and_roses.jpg
Vase With Myosotis And Peonies,1886,Paris,34.5 x 27.5cm,F 243a - JH 1106,deep263_vase_with_myosotis_and_peonies.jpg
Vase With Peonies,1886,Paris,34 x 45cm,F 666a - JH 1107,deep264_vase_with_peonies.jpg
The Fourteenth Of July Celebration In Paris,1886,Paris,44 x 39cm,F 222 - JH 1108,deep265_the_fourteenth_of_july_celebration_in_paris.jpg
The Pont Du Carrousel And The Louvre,1886,Paris,31 x 44cm,F 221 - JH 1109,deep266_the_pont_du_carrousel_and_the_louvre.jpg
The Bois De Boulogne With People Walking,1886,Paris,37.5 x 45.5cm,F 225 - JH 1110,deep267_the_bois_de_boulogne_with_people_walking.jpg
Lane At The Jardin Du Luxembourg,1886,Paris,27.5 x 46cm,F 223 - JH 1111,deep268_lane_at_the_jardin_du_luxembourg.jpg
Bois De Boulogne With People Walking,1886,Paris,46.5 x 37cm,F 224 - JH 1112,deep269_bois_de_boulogne_with_people_walking.jpg
Bois De Boulogne With People Walking,1886,Paris,37.5 x 45.5cm,JH Add.2,deep270_bois_de_boulogne_with_people_walking.jpg
Sloping Path In Montmartre,1886,Paris,Oil on cardboard on multiplex board 22 x 16cm,F 232 - JH 1113,deep271_sloping_path_in_montmartre.jpg
"Twilight, Before The Storm: Montmartre",1886,Paris,Oil on cardboard 15 x 10cm,F 1672 - JH 1114,"deep272_twilight,_before_the_storm.jpg"
Le Moulin De La Galette,1886,Paris,46 x 38cm,F 274 - JH 1115,deep273_le_moulin_de_la_galette.jpg
Le Moulin De Blute-Fin,1886,Paris,46.5 x 38cm,F 273 - JH 1116,deep274_le_moulin_de_blute-fin.jpg
Le Blute-Fin Mill,1886,Paris,55.2 x 38,Recently discovered and authenticated by the Van Gogh Museum in Amsterdam in 2010.[6],deep275_le_blute-fin_mill.jpg
"Still Life With Mackerels, Lemon And Tomato",1886,Paris,39 x 56.5cm,F 285 - JH 1118,"deep276_still_life_with_mackerels,_lemon_and_tomato.jpg"
"Still Life With Meat, Vegetables And Pottery",1886,Paris,33.5 x 41cm,F 1670 - JH 1119,"deep277_still_life_with_meat,_vegetables_and_pottery.jpg"
Still Life With Bloaters,1886,Paris,21 x 42cm,F 283 - JH 1120,deep278_still_life_with_bloaters.jpg
"Still Life With Bottle, Two Glasses, Cheese And Bread",1886,Paris,37.5 x 46cm,F 253 - JH 1121,"deep279_still_life_with_bottle,_two_glasses,_cheese_and_bread.jpg"
"Still Life With Two Herrings, A Cloth And A Glass",1886,Paris,32.5 x 46cm,F 1671 - JH 1122,"deep280_still_life_with_two_herrings,_a_cloth_and_a_glass.jpg"
Smoked Herring,1886,Paris,45 x 38cm,F 203 - JH 1123,deep281_smoked_herring.jpg
A Pair Of Shoes,1886,Paris,37.5 x 45cm,F 255 - JH 1124,deep282_a_pair_of_shoes.jpg
Ginger Jar Filled With Chrysanthemums,1885,Nuenen,40 x 29.5cm,F 198 - JH 1125,deep283_ginger_jar_filled_with_chrysanthemums.jpg
"Vase With Asters, Salvia And Other Flowers",1886,Paris,70.5 x 34cm,F 286 - JH 1127,"deep284_vase_with_asters,_salvia_and_other_flowers.jpg"
Vase With Gladioli And Lilac,1886,Paris,69 x 33.5cm,F 286a - JH 1128,deep285_vase_with_gladioli_and_lilac.jpg
Vase With Carnations,1886,Paris,43.2 x 35.6cm,F 243 - JH 1129,deep286_vase_with_carnations.jpg
Vase With White And Red Carnations,1886,Paris,58 x 45.5cm,F 236 - JH 1130,deep287_vase_with_white_and_red_carnations.jpg
Vase With Gladioli And Carnations,1886,Paris,65.5 x 35cm,F 237 - JH 1131,deep288_vase_with_gladioli_and_carnations.jpg
Vase With Carnations And Zinnias,1886,Paris,Oil on canvas on panel 61 x 50.2cm,F 259 - JH 1132,deep289_vase_with_carnations_and_zinnias.jpg
Vase With Zinnias And Geraniums,1886,Paris,61 x 45.9cm,F 241 - JH 1134,deep290_vase_with_zinnias_and_geraniums.jpg
Vase With Carnations And Other Flowers,1886,Paris,61 x 38cm,F 596 - JH 1135,deep291_vase_with_carnations_and_other_flowers.jpg
Vase With Hollyhocks,1886,Paris,91 x 50.5cm,F 235 - JH 1136,deep292_vase_with_hollyhocks.jpg
Poppy Flowers,1886,Paris,65 x 54cm,F 324a - JH 1137,deep293_poppy_flowers.jpg
Vase With Carnations,1886,Paris,40 x 32.5cm,F 220 - JH 1138,deep294_vase_with_carnations.jpg
Geranium In A Flowerpot,1886,Paris,46 x 38cm,F 201 - JH 1139,deep295_geranium_in_a_flowerpot.jpg
Vase With Zinnias,1886,Paris,61 x 48cm,F 252 - JH 1140,deep296_vase_with_zinnias.jpg
White Vase With Roses And Other Flowers,1886,Paris,37 x 25.5cm,F 258 - JH 1141,deep297_white_vase_with_roses_and_other_flowers.jpg
Vase With Zinnias And Other Flowers,1886,Paris,50.2 x 61cm,F 251 - JH 1142,deep298_vase_with_zinnias_and_other_flowers.jpg
Coleus Plant In A Flowerpot,1886,Paris,42 x 22cm,F 281 - JH 1143,deep299_coleus_plant_in_a_flowerpot.jpg
Glass With Roses,1886,Paris,35 x 27cm,F 218 - JH 1144,deep300_glass_with_roses.jpg
Vase With Carnations,1886,Paris,46 x 37.5cm,F 245 - JH 1145,deep301_vase_with_carnations.jpg
Vase With Red Gladioli,1886,Paris,50 x 39cm,F 248 - JH 1146,deep302_vase_with_red_gladioli.jpg
Vase With Gladioli And Carnations,1886,Paris,78.5 x 40.5cm,F 242 - JH 1147,deep303_vase_with_gladioli_and_carnations.jpg
Vase With Gladioli,1886,Paris,46.5 x 38.5cm,F 248a - JH 1148,deep304_vase_with_gladioli.jpg
Vase With Red Gladioli,1886,Paris,65 x 40cm,F 247 - JH 1149,deep305_vase_with_red_gladioli.jpg
Vase With Red Gladioli,1886,Paris,65 x 35cm,F 248b - JH 1150,deep306_vase_with_red_gladioli.jpg
Bowl With Chrysanthemums,1886,Paris,46 x 61cm,F 217 - JH 1164,deep307_bowl_with_chrysanthemums.jpg
Cineraria In A Flowerpot,1886,Paris,54.5 x 46cm,F 282 - JH 1165,deep308_cineraria_in_a_flowerpot.jpg
"Bowl With Sunflowers, Roses And Other Flowers",1886,Paris,50 x 61cm,F 250 - JH 1166,"deep309_bowl_with_sunflowers,_roses_and_other_flowers.jpg"
Vase With Daisies,1886,Paris,40 x 56cm,F 197 - JH 1167,deep310_vase_with_daisies.jpg
Vase With Asters And Phlox,1886,Paris,61 x 46cm,F 234 - JH 1168,deep311_vase_with_asters_and_phlox.jpg
Still Life With Prawns And Mussels,1886,Paris,26.5 x 34.5cm,F 256 - JH 1169,deep312_still_life_with_prawns_and_mussels.jpg
Still Life With Fruit And Chestnuts,1886,Paris,27 x 35.6cm,Authenticated by the Van Gogh Museum in January 2019[7],deep313_still_life_with_fruit_and_chestnuts.jpg
Le Moulin De La Galette,1886,Paris,38.5 x 46cm,F 227 - JH 1170,deep314_le_moulin_de_la_galette.jpg
Le Moulin De La Galette,1886,Paris,38 x 46.5cm,F 228 - JH 1171,deep315_le_moulin_de_la_galette.jpg
Le Moulin De La Galette,1886,Paris,38 x 46cm,F 226 - JH 1172,deep316_le_moulin_de_la_galette.jpg
View Of Montmartre With Windmills,1886,Paris,36 x 61cm,F 266 - JH 1175,deep317_view_of_montmartre_with_windmills.jpg
The Hill Of Montmartre With Quarry,1886,Paris,32 x 41cm,F 219 - JH 1176,deep318_the_hill_of_montmartre_with_quarry.jpg
The Hill Of Montmartre With Quarry,1886,Paris,56 x 62.5cm,F 230 - JH 1177,deep319_the_hill_of_montmartre_with_quarry.jpg
Terrace Of A Cafe On Montmartre (La Guinguette),1886,Paris,49 x 64cm,F 238 - JH 1178,deep320_terrace_of_a_cafe_on_montmartre_(la_guinguette).jpg
Outskirts Of Paris,1886,Paris,Oil on canvas on cardboard 45.7 x 54.6cm,F 264 - JH 1179,deep321_outskirts_of_paris.jpg
View Of Montmartre With Quarry(Disputed),1886,Paris,22 x 33cm,F 233 - JH 1180,deep322_view_of_montmartre_with_quarry_(disputed).jpg
Le Moulin De La Galette,1886,Paris,61 x 50cm,F 348 - JH 1182,deep323_le_moulin_de_la_galette.jpg
"Terrace And Observation Deck At The Moulin De Blute-Fin, Montmartre",1886,Paris,43.6 x 33cm,F 272 - JH 1183,"deep324_terrace_and_observation_deck_at_the_moulin_de_blute-fin,_montmartre.jpg"
Le Moulin De La Galette,1886,Paris,55 x 38.5cm,F 349 - JH 1184,deep325_le_moulin_de_la_galette.jpg
Windmill On Montmartre,1886,Paris,46.5 x 38cm,F 271 - JH 1186,deep326_windmill_on_montmartre.jpg
The Kingfisher,1886,Paris,19 x 26.5cm,F 28 - JH 1191,deep327_the_kingfisher.jpg
The Green Parrot(Disputed),1886,Paris,48 x 43cm,F 14 - JH 1193,deep328_the_green_parrot_(disputed).jpg
Self-Portrait With Pipe,1886,Paris,46 x 38cm,F 180 - JH 1194,deep329_self-portrait_with_pipe.jpg
Self-Portrait With Pipe,1886,Paris,27 x 19cm,F 208 - JH 1195,deep330_self-portrait_with_pipe.jpg
Self-Portrait,1886,Paris,39.5 x 29.5cm,F 178v - JH 1198,deep331_self-portrait.jpg
Self-Portrait With Pipe And Glass,1887,Paris,61 x 50cm,F 263a - JH 1199,deep332_self-portrait_with_pipe_and_glass.jpg
Portrait Of A Man With A Moustache,1887,Paris,55 x 41cm,F 288 - JH 1200,deep333_portrait_of_a_man_with_a_moustache.jpg
Portrait Of Pã¨Re Tanguy,1887,Paris,47 x 38.5cm,F 263 - JH 1202,deep334_portrait_of_père_tanguy.jpg
Portrait Of A Man With A Skull Cap,1887,Paris,65.5 x 54.5cm,F 289 - JH 1203,deep335_portrait_of_a_man_with_a_skull_cap.jpg
"Portrait Of A Woman, Facing Right",1887,Paris,26.5 x 21cm,F 215b - JH 1205,"deep336_portrait_of_a_woman,_facing_right.jpg"
Portrait Of A Woman With Hat,1887,Paris,27 x 18.5cm,F 215c,deep337_portrait_of_a_woman_with_hat.jpg
Portrait Of A Woman Seated,1887,Paris,31.5 x 21.5cm,F 215d,deep338_portrait_of_a_woman_seated.jpg
Portrait Of Lã©Onie Rose Charbuy-Davy,1887,Paris,61. x 45.5cm,F 369 - JH 1206,deep339_portrait_of_léonie_rose_charbuy-davy.jpg
"Portrait Of Alexander Reid, Sitting In An Easy Chair",1887,Paris,41. x 33cm,F 270 - JH 1207,"deep340_portrait_of_alexander_reid,_sitting_in_an_easy_chair.jpg"
Agostina Segatori Sitting In The Cafã© Du Tambourin,1887,Paris,55.5 x 46.5cm,F 370 - JH 1208,deep341_agostina_segatori_sitting_in_the_café_du_tambourin.jpg
Self-Portrait Or Portrait Of Theo Van Gogh[C],1887,Paris,Oil on paperboard 19 x 14cm,F 294 - JH 1209,deep342_self-portrait_or_portrait_of_theo_van_gogh[c].jpg
Self-Portrait With Grey Felt Hat,1887,Paris,Oil on cardboard 19 x 14cm,F 296 - JH 1210,deep343_self-portrait_with_grey_felt_hat.jpg
Self-Portrait With Grey Felt Hat,1887,Paris,Oil on cardboard 41 x 32cm,F 295 - JH 1211,deep344_self-portrait_with_grey_felt_hat.jpg
"Nude Woman Reclining, Seen From The Back",1887,Paris,38 x 61cm,F 328 - JH 1212,"deep345_nude_woman_reclining,_seen_from_the_back.jpg"
Nude Woman On A Bed,1887,Paris,59.5 x 73cm,F 330 - JH 1214,deep346_nude_woman_on_a_bed.jpg
Nude Woman Reclining,1887,Paris,24 x 41cm,F 329 - JH 1215,deep347_nude_woman_reclining.jpg
Portrait Of A Woman (Madame Tanguy?),1887,Paris,40 x 32cm,F 357 - JH 1216,deep348_portrait_of_a_woman_(madame_tanguy).jpg
Boulevard De Clichy,1887,Paris,42.5 x 55cm,F 292 - JH 1219,deep349_boulevard_de_clichy.jpg
Le Moulin De La Galette,1887,Paris,46 x 38cm,F 348a - JH 1221,deep350_le_moulin_de_la_galette.jpg
Factories Seen From A Hillside In Moonlight,1887,Paris,21 x 46.5cm,F 266a - JH 1223,deep351_factories_seen_from_a_hillside_in_moonlight.jpg
Self-Portrait,1887,Paris,Oil on cardboard 19 x 14cm,F 267 - JH 1224,deep352_self-portrait.jpg
Self-Portrait,1887,Paris,Oil on paper 32 x 23cm,F 380 - JH 1225,deep353_self-portrait.jpg
Still Life With Three Books,1887,Paris,Oil on panel 31 x 48.5cm,F 335 - JH 1226,deep354_still_life_with_three_books.jpg
Basket Of Sprouting Bulbs,1887,Paris,Oil on panel 31.5 x 48cm,F 336 - JH 1227,deep355_basket_of_sprouting_bulbs.jpg
Still Life With A Basket Of Crocuses,1887,Paris,32.5 x 41cm,F 334 - JH 1228,deep356_still_life_with_a_basket_of_crocuses.jpg
Flowerpot With Chives,1887,Paris,31.5 x 22cm,F 337 - JH 1229,deep357_flowerpot_with_chives.jpg
Still Life With Bloaters And Garlic,1887,Paris,37 x 44.5cm,F 283b - JH 1230,deep358_still_life_with_bloaters_and_garlic.jpg
A Pair Of Shoes,1887,Paris,37.5 x 45.5cm,F 332a - JH 1233,deep359_a_pair_of_shoes.jpg
Three Pairs Of Shoes,1887,Paris,49 x 72cm,F 332 - JH 1234,deep360_three_pairs_of_shoes.jpg
A Pair Of Shoes,1887,Paris,Oil on paper on cardboard 33 x 41cm,F 331 - JH 1235,deep361_a_pair_of_shoes.jpg
A Pair Of Shoes,1887,Paris,34 x 41.5cm,F 333 - JH 1236,deep362_a_pair_of_shoes.jpg
Still Life With Lemons On A Plate,1887,Paris,21 x 26.5cm,F 338 - JH 1237,deep363_still_life_with_lemons_on_a_plate.jpg
Still Life With Absinthe,1887,Paris,46.5 x 33cm,F 339 - JH 1238,deep364_still_life_with_absinthe.jpg
Still Life With Carafe And Lemons On A Plate,1887,Paris,46.5 x 38.5cm,F 340 - JH 1239,deep365_still_life_with_carafe_and_lemons_on_a_plate.jpg
Street Scene In Montmartre,1887,Paris,46 x 61cm,JH 1240,deep366_street_scene_in_montmartre.jpg
Street Scene In Montmartre: Le Moulin A Poivre,1887,Paris,34.5 x 64.5cm,F 347 - JH 1241,deep367_street_scene_in_montmartre.jpg
View Of Paris From Vincent'S Room In The Rue Lepic,1887,Paris,46 x 38cm,F 341 - JH 1242,deep368_view_of_paris_from_vincent's_room_in_the_rue_lepic.jpg
View Of Paris From Vincent'S Room In The Rue Lepic,1887,Paris,Oil on cardboard 46 x 38.2cm,F 341a - JH 1243,deep369_view_of_paris_from_vincent's_room_in_the_rue_lepic.jpg
Vegetable Garden In Montmartre,1887,Paris,44.8 x 81cm,F 346 - JH 1244,deep370_vegetable_garden_in_montmartre.jpg
Vegetable Garden In Montmartre: La Butte Montmartre,1887,Paris,96 x 120cm,F 350 - JH 1245,deep371_vegetable_garden_in_montmartre.jpg
Vegetable Garden At Montmartre,1887,Paris,81 x 100cm,F 316 - JH 1246,deep372_vegetable_garden_at_montmartre.jpg
Imperial Fritillaries In A Copper Vase,1887,Paris,73.5 x 60.5cm,F 213 - JH 1247,deep373_imperial_fritillaries_in_a_copper_vase.jpg
Self-Portrait,1887,Paris,41 x 33cm,F 356 - JH 1248,deep374_self-portrait.jpg
Self-Portrait,1887,Paris,42 x 33.7cm,F 345 - JH 1249,deep375_self-portrait.jpg
Portrait Of Art Dealer Alexander Reid,1887,Paris,Oil on cardboard 41.5 x 33.5cm,F 343 - JH 1250,deep376_portrait_of_art_dealer_alexander_reid.jpg
Restaurant De La Sirã¨Ne At Asniã¨Res,1887,Paris,54.5 x 65.5cm,F 313 - JH 1251,deep377_restaurant_de_la_sirène_at_asnières.jpg
The Restaurant De La Sirã¨Ne At Asniã¨Res,1887,Paris,51.5 x 64cm,F 312 - JH 1253,deep378_the_restaurant_de_la_sirène_at_asnières.jpg
The Restaurant De La Sirã¨Ne At Asniã¨Res,1887,Paris,49 x 65.5cm,F 299 - JH 1254,deep379_the_restaurant_de_la_sirène_at_asnières.jpg
On The Outskirts Of Paris,1887,Paris,38 x 46cm,F 351 - JH 1255,deep380_on_the_outskirts_of_paris.jpg
Interior Of A Restaurant,1887,Paris,45.5 x 56.5cm,F 342 - JH 1256,deep381_interior_of_a_restaurant.jpg
The Seine With A Rowing Boat,1887,Paris,55 x 65cm,F 298 - JH 1257,deep382_the_seine_with_a_rowing_boat.jpg
Couples In The Voyer D'Argenson Park At Asniã¨Res,1887,Paris,75 x 112.5cm,F 314 - JH 1258,deep383_couples_in_the_voyer_d'argenson_park_at_asnières.jpg
Lane In Voyer D'Argenson Park At Asniã¨Res,1887,Paris,59 x 81cm,F 276 - JH 1259,deep384_lane_in_voyer_d'argenson_park_at_asnières.jpg
Outskirts Of Paris: Road With Peasant Shouldering A Spade,1887,Paris,48 x 73cm,F 361 - JH 1260,deep385_outskirts_of_paris.jpg
Woman Sitting In The Grass,1887,Paris,Oil on cardboard 41.5 x 34.5cm,F 367 - JH 1261,deep386_woman_sitting_in_the_grass.jpg
A Woman Walking In A Garden,1887,Paris,48 x 60cm,F 368 - JH 1262,deep387_a_woman_walking_in_a_garden.jpg
Pasture In Bloom,1887,Paris,45.5 x 56.5cm,F 583 - JH 1263,deep388_pasture_in_bloom.jpg
Park At Asniã¨Res In Spring,1887,Paris,50 x 65cm,F 362 - JH 1264,deep389_park_at_asnières_in_spring.jpg
Entrance Of Voyer D'Argenson Park At Asniã¨Res,1887,Paris,55 x 67cm,F 305 - JH 1265,deep390_entrance_of_voyer_d'argenson_park_at_asnières.jpg
The Rispal Restaurant At Asniã¨Res,1887,Paris,72 x 60cm,F 355 - JH 1266,deep391_the_rispal_restaurant_at_asnières.jpg
Roadwaay With Underpass,1887,Paris,32.7 x 41cm,F 239 - JH 1267,deep392_roadwaay_with_underpass.jpg
The Seine Bridge At Asniã¨Res,1887,Paris,53 x 73cm,F 240 - JH 1268,deep393_the_seine_bridge_at_asnières.jpg
The Banks Of The Seine,1887,Paris,32 x 46cm,F 293 - JH 1269,deep394_the_banks_of_the_seine.jpg
Fishing In Spring,1887,Paris,50.5 x 60cm,F 354 - JH 1270,deep395_fishing_in_spring.jpg
The Banks Of The Seine With Boats,1887,Paris,48 x 55cm,F 353 - JH 1271,deep396_the_banks_of_the_seine_with_boats.jpg
Chestnut Tree In Blosson,1887,Paris,56 x 46.5cm,F 270a - JH 1272,deep397_chestnut_tree_in_blosson.jpg
Edge Of A Wheatfield With Poppies,1887,Paris,Oil on canvas on cardboard 40 x 32.5cm,F 310a - JH1273,deep398_edge_of_a_wheatfield_with_poppies.jpg
Wheat Field With A Partridge,1887,Paris,34 x 65.5cm,F 310 - JH1274,deep399_wheat_field_with_a_partridge.jpg
View Of A River With Rowing Boats,1887,Paris,52 x 65cm,F 300 - JH 1275,deep400_view_of_a_river_with_rowing_boats.jpg
Lane In Voyer D'Argenson Park At Asniã¨Res,1887,Paris,Oil on cardboard 33 x 42cm,F 275 - JH 1278,deep401_lane_in_voyer_d'argenson_park_at_asnières.jpg
Factories At Asniã¨Res Seen From The Quai De Clichy,1887,Paris,54 x 72cm,F 317 - JH 1287,deep402_factories_at_asnières_seen_from_the_quai_de_clichy.jpg
The Factories At Asniã¨Res,1887,Paris,46.5 x 54cm,F 318 - JH 1288,deep403_the_factories_at_asnières.jpg
"Vase With Lilacs, Daisies And Anemones",1887,Paris,46.5 x 37.5cm,F 322 - JH 1292,"deep404_vase_with_lilacs,_daisies_and_anemones.jpg"
Vase With Cornflowers And Poppies,1887,Paris,80 x 67cm,F 324 - JH 1293,deep405_vase_with_cornflowers_and_poppies.jpg
Lilacs,1887,Paris,27.3 x 35.3cm,F 286b - JH 1294,deep406_lilacs.jpg
Vase With Daisies And Anemones,1887,Paris,61 x 38cm,F 323 - JH 1295,deep407_vase_with_daisies_and_anemones.jpg
"Japonaiserie: Flowering Plum Tree, After Hiroshige'S Plum Park In Kameido",1887,Paris,55 x 46cm,F 371 - JH 1296,deep408_japonaiserie.jpg
"Japonaiserie: Flowering Plum Tree, After Hiroshige'S Sudden Shower Over Shin-Åœhashi Bridge And Atake",1887,Paris,73 x 54cm,F 372 - JH 1297,deep409_japonaiserie.jpg
"Japonaiserie: The Courtesan, After Keisai Eisen",1887,Paris,105 x 60.5cm,F 373 - JH 1298,deep410_japonaiserie.jpg
Self-Portrait,1887,Paris,41 x 33.5cm,F 268 - JH 1299,deep411_self-portrait.jpg
Self-Portrait With Straw Hat And Pipe,1887,Paris,41.5 x 31.5cm,F 179v - JH 1300,deep412_self-portrait_with_straw_hat_and_pipe.jpg
Self-Portrait,1887,Paris,42 x 34cm,F 269v - JH 1301,deep413_self-portrait.jpg
Self-Portrait With Straw Hat,1887,Paris,41 x 31cm,F 61v - JH 1302,deep414_self-portrait_with_straw_hat.jpg
Self-Portrait,1887,Paris,Oil on canvas on cardboard 42.5 x 31cm,F 109v - JH 1303,deep415_self-portrait.jpg
Self-Portrait,1887,Paris,41 x 33cm,F 77v - JH 1304,deep416_self-portrait.jpg
Montmartre Path With Sunflowers,1887,Paris,32 x 41cm,F 264a - JH 1306,deep417_montmartre_path_with_sunflowers.jpg
Garden With Sunflowers,1887,Paris,42.5 x 35.5cm,F 388v - JH 1307,deep418_garden_with_sunflowers.jpg
Self-Portrait With Straw Hat,1887,Paris,Oil on canvas on panel 34.9 x 26.7cm,F 526 - JH 1309,deep419_self-portrait_with_straw_hat.jpg
Self-Portrait With Straw Hat,1887,Paris,Oil on cardboard 40.5 x 32.5cm,F 469 - JH 1310,deep420_self-portrait_with_straw_hat.jpg
Exterior Of A Restaurant At Asniã¨Res,1887,Paris,18.5 x 27cm,F 321 - JH 1311,deep421_exterior_of_a_restaurant_at_asnières.jpg
Trees And Undergrowth,1887,Paris,46.5 x 55.5cm,F 309a - JH 1312,deep422_trees_and_undergrowth.jpg
Undergrowth,1887,Paris,46 x 38cm,F 308 - JH 1313,deep423_undergrowth.jpg
Trees In A Field On A Sunny Day,1887,Paris,37 x 45.5cm,F 291 - JH 1314,deep424_trees_in_a_field_on_a_sunny_day.jpg
Path In The Woods,1887,Paris,46 x 38.5cm,F 309 - JH 1315,deep425_path_in_the_woods.jpg
Avenue In Voyer D'Argenson Park At Asniã¨Res,1887,Paris,55 x 67cm,F 277 - JH 1316,deep426_avenue_in_voyer_d'argenson_park_at_asnières.jpg
Undergrowth,1887,Paris,32 x 46cm,F 306 - JH 1317,deep427_undergrowth.jpg
Trees And Undergrowth,1887,Paris,46 x 36cm,F 307 - JH 1318,deep428_trees_and_undergrowth.jpg
Corner Of Voyer D'Argenson Park At Asniã¨Res,1887,Paris,49 x 65cm,F 315 - JH 1320,deep429_corner_of_voyer_d'argenson_park_at_asnières.jpg
Banks Of The Seine With Pont De Clichy In The Spring,1887,Paris,50 x 60cm,F 352 - JH 1321,deep430_banks_of_the_seine_with_pont_de_clichy_in_the_spring.jpg
Banks Of The Seine With Pont De Clichy,1887,Paris,30.5 x 39cm,F 302 - JH 1322,deep431_banks_of_the_seine_with_pont_de_clichy.jpg
The Seine With Pont De Clichy,1887,Paris,55 x 46cm,F 303 - JH 1323,deep432_the_seine_with_pont_de_clichy.jpg
Bathing Float On The Seine At Asniã¨Res,1887,Paris,19 x 27cm,F 311 - JH 1325,deep433_bathing_float_on_the_seine_at_asnières.jpg
The Seine With The Pont De La Grand Jette,1887,Paris,32 x 40.5cm,F 304 - 1326,deep434_the_seine_with_the_pont_de_la_grand_jette.jpg
Bridges Across The Seine At Asniã¨Res,1887,Paris,52 x 65cm,F 301 - JH 1327,deep435_bridges_across_the_seine_at_asnières.jpg
Two Cut Sunflowers,1887,Paris,Oil on canvas on triplex board 21 x 27cm,F 377 - JH 1328,deep436_two_cut_sunflowers.jpg
Two Cut Sunflowers,1887,Paris,43.2 x 61cm,F 375 - JH 1329,deep437_two_cut_sunflowers.jpg
Four Cut Sunflowers,1887,Paris,60 x 100cm,F 452 - JH 1330,deep438_four_cut_sunflowers.jpg
Two Cut Sunflowers,1887,Paris,50 x 60cm,F 376 - JH 1331,deep439_two_cut_sunflowers.jpg
Still Life With French Novels And A Rose,1887,Paris,73 x 93cm,F 359 - JH 1332,deep440_still_life_with_french_novels_and_a_rose.jpg
Self-Portrait With A Japanese Print,1887,Paris,44 x 35cm,F 319 - JH 1333,deep441_self-portrait_with_a_japanese_print.jpg
Self-Portrait,1887,Paris,47 x 35cm,F 320 - JH 1334,deep442_self-portrait.jpg
Chrysanthemums And Wild Flowers In A Vase,1887,Paris,65 x 54cm,F 588 - JH 1335,deep443_chrysanthemums_and_wild_flowers_in_a_vase.jpg
Still Life With Grapes,1887,Paris,32.5 x 46cm,F 603 - JH 1336,deep444_still_life_with_grapes.jpg
"Still Life With Apples, Pears, Lemons And Grapes",1887,Paris,46.5 x 55.2cm,F 382 - JH 1337,"deep445_still_life_with_apples,_pears,_lemons_and_grapes.jpg"
Still Life With Red Cabbage And Onions,1887,Paris,50 x 64.5cm,F 374 - JH 1338,deep446_still_life_with_red_cabbage_and_onions.jpg
Still Life With Red Grapes And Lemons,1887,Paris,48.5 x 65cm,F 383 - JH 1339,deep447_still_life_with_red_grapes_and_lemons.jpg
Still Life With Basket Of Apples (To Lucien Pissarro),1887,Paris,50 x 61cm,F 378 - JH 1340,deep448_still_life_with_basket_of_apples_(to_lucien_pissarro).jpg
Still Life With Basket Of Apples,1887,Paris,46.7 x 55.2cm,F 379 - JH 1341,deep449_still_life_with_basket_of_apples.jpg
Still Life With Apples,1887,Paris,46 x 61.5cm,F 254 - JH 1342,deep450_still_life_with_apples.jpg
Still Life With Quince Pears,1887,Paris,46 x 59.5cm,F 602 - JH 1343,deep451_still_life_with_quince_pears.jpg
Self-Portrait,1887,Paris,46.5 x 35.5cm,F 366 - JH 1345,deep452_self-portrait.jpg
Skull,1887,Paris,Oil on canvas on triplex board 43 x 31cm,F 297 - JH 1346,deep453_skull.jpg
Skull,1887,Paris,Oil on canvas on triplex board 41.5 x 31.5cm,F 297a - JH 1347,deep454_skull.jpg
Plaster Statuette Of A Female Torso,1887,Paris,73 x 54cm,F 216 - JH 1348,deep455_plaster_statuette_of_a_female_torso.jpg
"Still Life With Plaster Statuette, A Rose And Two Novels",1887,Paris,50 x 61cm,F 360 - JH 1349,"deep456_still_life_with_plaster_statuette,_a_rose_and_two_novels.jpg"
Portrait Of Pã¨Re Tanguy,1887,Paris,92 x 75cm,F 363 - JH 1351,deep457_portrait_of_père_tanguy.jpg
Portrait Of Pã¨Re Tanguy,1887,Paris,65 x 51cm,F 364 - JH 1352,deep458_portrait_of_père_tanguy.jpg
Self-Portrait With Grey Felt Hat,1887,Paris,44 x 37.5cm,F 344 - JH 1353,deep459_self-portrait_with_grey_felt_hat.jpg
Self-Portrait With Grey Straw Hat,1887,Paris,40.6 x 31.8cm,F 365v - JH 1354,deep460_self-portrait_with_grey_straw_hat.jpg
Italian Woman (Agostina Segatori?),1887,Paris,81 x 60cm,F 381 - JH 1355,deep461_italian_woman_(agostina_segatori).jpg
Self-Portrait As A Painter,1888,Paris,65.5 x 50.5cm,F 522 - JH 1356,deep462_self-portrait_as_a_painter.jpg
An Old Woman Of Arles,1888,Arles,58 x 42.5cm,F 390 - JH 1357,deep463_an_old_woman_of_arles.jpg
Snowy Landscape With Arles In The Background,1888,Arles,50 x 60cm,F 391 - JH 1358,deep464_snowy_landscape_with_arles_in_the_background.jpg
A Pork-Butcher'S Shop Seen From A Window,1888,Arles,Oil on canvas on cardboard 39.5 x 32.5cm,F 389 - JH 1359,deep465_a_pork-butcher's_shop_seen_from_a_window.jpg
Landscape With Snow,1888,Arles,38 x 46cm,F 290 - JH 1360,deep466_landscape_with_snow.jpg
Almond Blossoms,1888,Arles,24 x 19cm,F 392 - JH 1361,deep467_almond_blossoms.jpg
Almond Blossoms,1888,Arles,24 x 19cm,F 393 - JH 1362,deep468_almond_blossoms.jpg
Still Life With Basket And Six Oranges,1888,Arles,45 x 54cm,F 395 - JH 1363,deep469_still_life_with_basket_and_six_oranges.jpg
A Pair Of Leather Clogs,1889,Saint-Rémy,32.5 x 40.5,F 607 - JH 1364,deep470_a_pair_of_leather_clogs.jpg
Still Life: Potatoes In A Yellow Dish,1888,Arles,39 x 47cm,F 386 - JH 1365,deep471_still_life.jpg
Avenue Of Plane Trees Near Arles Station,1888,Arles,46 x 49.5cm,F 398 - JH 1366,deep472_avenue_of_plane_trees_near_arles_station.jpg
The Gleize Bridge Over The Vigueirat Canal,1888,Arles,46 x 49cm,F 396 - JH 1367,deep473_the_gleize_bridge_over_the_vigueirat_canal.jpg
The Langlois Bridge At Arles With Women Washing,1888,Arles,54 x 65cm,F 397 - JH 1368,deep474_the_langlois_bridge_at_arles_with_women_washing.jpg
Two Lovers(Fragment),1888,Arles,32.5 x 23cm,F 544 - JH 1369,deep475_two_lovers_(fragment).jpg
The Langlois Bridge At Arles With Road Alongside The Canal,1888,Arles,59.5 x 74cm,F 400 - JH 1371,deep476_the_langlois_bridge_at_arles_with_road_alongside_the_canal.jpg
Pink Peach Tree In Blossom (Reminiscence Of Mauve),1888,Arles,73 x 59.5cm,F 394 - JH 1379,deep477_pink_peach_tree_in_blossom_(reminiscence_of_mauve).jpg
Orchard With Blossoming Apricot Trees,1888,Arles,64.5 x 80.5cm,F 555 - JH 1380,deep478_orchard_with_blossoming_apricot_trees.jpg
Orchard In Blossom,1888,Arles,72.4 x 53.5cm,F 552 - JH 1381,deep479_orchard_in_blossom.jpg
The White Orchard,1888,Arles,60 x 81cm,F 403 - JH 1378,deep480_the_white_orchard.jpg
Apricot Trees In Blossom,1888,Arles,55 x 65.5cm,F 556 - JH 1383,deep481_apricot_trees_in_blossom.jpg
Orchard In Blossom,1888,Arles,72.5 x 92cm,F 511 - JH 1386,deep482_orchard_in_blossom.jpg
Orchard In Blossom (Plum Trees),1888,Arles,55 x 65cm,F 553 - JH 1387,deep483_orchard_in_blossom_(plum_trees).jpg
"Orchard In Blossom, Bordered By Cypresses",1888,Arles,32.5 x 40cm,F 554 - JH 1388,"deep484_orchard_in_blossom,_bordered_by_cypresses.jpg"
"Orchard In Blossom, Bordered By Cypresses",1888,Arles,65 x 81cm,F 513 - JH 1389,"deep485_orchard_in_blossom,_bordered_by_cypresses.jpg"
The Langlois Bridge At Arles,1888,Arles,60 x 65cm,F 571 - JH 1392,deep486_the_langlois_bridge_at_arles.jpg
Blossoming Pear Tree,1888,Arles,73 x 46cm,F 405 - JH 1394,deep487_blossoming_pear_tree.jpg
Orchard With Peach Trees In Blossom,1888,Arles,65 x 81cm,F 551 - JH 1396,deep488_orchard_with_peach_trees_in_blossom.jpg
Almond Tree In Blossom,1888,Arles,48.5 x 36cm,F 557 - JH 1397,deep489_almond_tree_in_blossom.jpg
Apricot Trees In Blossom,1888,Arles,41 x 33cm,F 399 - JH 1398,deep490_apricot_trees_in_blossom.jpg
Orchard In Blossom,1888,Arles,72 x 58cm,F 406 - JH 1399,deep491_orchard_in_blossom.jpg
Path Through A Field With Willows,1888,Arles,31.5 x 38.5cm,F 407 - JH 1402,deep492_path_through_a_field_with_willows.jpg
Peach Tree In Blossom,1888,Arles,80.5 x 59.5cm,F 404 - JH 1391,deep493_peach_tree_in_blossom.jpg
View Of Arles With Irises In The Foreground,1888,Arles,54 x 65cm,F 409 - JH 1416,deep494_view_of_arles_with_irises_in_the_foreground.jpg
Farmhouse In A Wheat Field,1888,Arles,45 x 50cm,F 408 - JH 1417,deep495_farmhouse_in_a_wheat_field.jpg
A Lane Near Arles,1888,Arles,61 x 50cm,F 567 - JH 1419,deep496_a_lane_near_arles.jpg
Langlois Bridge At Arles,1888,Arles,49.5 x 64cm,F 570 - JH 1421,deep497_langlois_bridge_at_arles.jpg
Landscape Under A Stormy Sky,1888,Arles,59.5 x 70cm,F 575 - JH 1422,deep498_landscape_under_a_stormy_sky.jpg
Farmhouse In A Wheat Field Near Arles,1888,Arles,24.5 x 35cm,F 576 - JH 1423,deep499_farmhouse_in_a_wheat_field_near_arles.jpg
Still Life: Majolica Jug With Wildflowers,1888,Arles,55 x 46cm,F 600 - JH 1424,deep500_still_life.jpg
"Still Life: Bottle, Lemons And Oranges",1888,Arles,53 x 63cm,F 384 - JH 1425,deep501_still_life.jpg
"Still Life: Blue Enamel Coffeepot, Earthenware And Fruit",1888,Arles,65 x 81cm,F 410 - JH 1426,deep502_still_life.jpg
Still Life: Bowl With Daisies,1888,Arles,33 x 42cm,F 591 - JH 1429,deep503_still_life.jpg
"Harvest At La Crau, With Montmajour In The Background",1888,Arles,73 x 92cm,F 412 - JH 1440,"deep504_harvest_at_la_crau,_with_montmajour_in_the_background.jpg"
Haystacks In Provence,1888,Arles,73 x 92.5cm,F 425 - JH 1442,deep505_haystacks_in_provence.jpg
Farmhouse In Provence,1888,Arles,46.1 x 60.9cm,F 565 - JH 1443,deep506_farmhouse_in_provence.jpg
View Of Saintes-Maries,1888,Arles,64 x 53cm,F 416 - JH 1447,deep507_view_of_saintes-maries.jpg
Seascape At Saintes-Maries,1888,Arles,51 x 64cm,F 415 - JH 1452,deep508_seascape_at_saintes-maries.jpg
Seascape At Saintes-Maries,1888,Arles,44 x 53cm,F 417 - JH 1453,deep509_seascape_at_saintes-maries.jpg
Fishing Boats On The Beach At Saintes-Maries,1888,Arles,65 x 81.5cm,F 413 - JH 1460,deep510_fishing_boats_on_the_beach_at_saintes-maries.jpg
Street In Saintes-Maries,1888,Arles,38.3 x 46.1cm,F 420 - JH 1462,deep511_street_in_saintes-maries.jpg
Three White Cottages In Saintes-Maries,1888,Arles,33.5 x 41.5cm,F 419 - JH 1465,deep512_three_white_cottages_in_saintes-maries.jpg
"Girl With Ruffled Hair (""The Mudlark"")",1888,Arles,35.5 x 24.5cm,F 535 - JH 1467,deep513_girl_with_ruffled_hair.jpg
The Bridge At Trinquetaille,1888,Arles,65 x 81cm,F 426 - JH 1468,deep514_the_bridge_at_trinquetaille.jpg
The Sower,1888,Arles,64 x 80.5cm,F 422 - JH 1470,deep515_the_sower.jpg
Summer Evening In Arles,1888,Arles,73.5 x 92cm,F 465 - JH 1473,deep516_summer_evening_in_arles.jpg
Wheat Field,1888,Arles,50 x 61cm,F 564 - JH 1475,deep517_wheat_field.jpg
Wheat Field With The Alpilles Foothills In The Background,1888,Arles,Oil on canvas on cardboard 54 x 65cm,F 411 - JH 1476,deep518_wheat_field_with_the_alpilles_foothills_in_the_background.jpg
Arles: View From The Wheat Fields,1888,Arles,73 x 54cm,F 545 - JH 1477,deep519_arles.jpg
Wheat Field With Stacks,1888,Arles,28.5 x 37cm,JH 1478,deep520_wheat_field_with_stacks.jpg
Wheat Field With Sheaves,1888,Arles,55.2 x 66.6cm,F 561 - JH 1480,deep521_wheat_field_with_sheaves.jpg
Harvest In Provence,1888,Arles,50 x 60cm,F 558 - JH 1481,deep522_harvest_in_provence.jpg
Green Ears Of Wheat,1888,Arles,54 x 65cm,F 562 - JH 1483,deep523_green_ears_of_wheat.jpg
The Zouave (Half Length),1888,Arles,65 x 54cm,F 423 - JH 1486,deep524_the_zouave_(half_length).jpg
The Seated Zouave,1888,Arles,81 x 65cm,F 424 - JH 1488,deep525_the_seated_zouave.jpg
Sunset At Montmajour,41888,Arles,93.3 x 73.3cm,[d],deep526_sunset_at_montmajour.jpg
Rocks With Oak Tree,1888,Arles,54 x 65cm,F 466 - JH 1489,deep527_rocks_with_oak_tree.jpg
Canal With Women Washing,1888,Arles,74 x 60cm,F 427 - JH 1490,deep528_canal_with_women_washing.jpg
The Painter On His Way To Work,1888,Arles,48 x 44cm,F 448 - JH 1491,deep529_the_painter_on_his_way_to_work.jpg
Sunny Lawn In A Public Park,1888,Arles,60.5 x 73.5cm,F 428 - JH 1499,deep530_sunny_lawn_in_a_public_park.jpg
Flowering Garden,1888,Arles,92 x 73cm,F 430 - JH 1510,deep531_flowering_garden.jpg
Flowering Garden With Path,1888,Arles,72 x 91cm,F 429 - JH 1513,deep532_flowering_garden_with_path.jpg
La Mousmã© Sitting,1888,Arles,74 x 60cm,F 431 - JH 1519,deep533_la_mousmé_sitting.jpg
Portrait Of The Postman Joseph Roulin,1888,Arles,81.2 x 65.3cm,F 432 - JH 1522,deep534_portrait_of_the_postman_joseph_roulin.jpg
Portrait Of The Postman Joseph Roulin,1888,Arles,64.1 x 47.9cm,F 433 - JH 1524,deep535_portrait_of_the_postman_joseph_roulin.jpg
Garden Behind A House,1888,Arles,63.5 x 52.5cm,F 578 - JH 1538,deep536_garden_behind_a_house.jpg
"Portrait Of Patience Escalier, Shepherd In Provence",1888,Arles,64 x 54cm,F 443 - JH 1548,"deep537_portrait_of_patience_escalier,_shepherd_in_provence.jpg"
Thistles,1888,Arles,59 x 49cm,F 447 - JH 1550,deep538_thistles.jpg
Two Thistles,1888,Arles,55 x 45cm,F 447a - JH 1551,deep539_two_thistles.jpg
Railway Carriages,1888,Arles,45 x 50cm,F 446 - JH 1553,deep540_railway_carriages.jpg
Encampment Of Gypsies With Caravans,1888,Arles,45 x 51cm,F 445 - JH 1554,deep541_encampment_of_gypsies_with_caravans.jpg
Quay With Men Unloading Sand Barges,1888,Arles,55.1 x 66.2cm,F 449 - JH 1558,deep542_quay_with_men_unloading_sand_barges.jpg
Three Sunflowers In A Vase,1888,Arles,73 x 58cm,F 453 - JH 1559,deep543_three_sunflowers_in_a_vase.jpg
Still Life: Vase With Five Sunflowers,1888,Arles,98 x 69cm,F 459 - JH 1560,deep544_still_life.jpg
Still Life: Vase With Twelve Sunflowers,1888,Arles,91 x 72cm,F 456 - JH 1561,deep545_still_life.jpg
Still Life: Vase With Fifteen Sunflowers,1888,Arles,93 x 73cm,F 454 - JH 1562,deep546_still_life.jpg
Portrait Of Patience Escalier,1888,Arles,69 x 56cm,F 444 - JH 1563,deep547_portrait_of_patience_escalier.jpg
Self-Portrait With Pipe And Straw Hat,1888,Arles,Oil on canvas on cardboard 42 x 30cm,F 524 - JH 1565,deep548_self-portrait_with_pipe_and_straw_hat.jpg
Still Life: Vase With Oleanders And Books,1888,Arles,60.3 x 73.6cm,F 593 - JH 1566,deep549_still_life.jpg
Still Life: Vase With Oleanders,1888,Arles,56 x 36cm,F 594 - JH 1567,deep550_still_life.jpg
Still Life: Vase With Zinnias,1888,Arles,64 x 49.5cm,F 592 - JH 1568,deep551_still_life.jpg
A Pair Of Shoes,1888,Arles,44 x 53cm,F 461 - JH 1569,deep552_a_pair_of_shoes.jpg
Coal Barges,1888,Arles,71 x 95cm,F 437 - JH 1570,deep553_coal_barges.jpg
Coal Barges,1888,Arles,54 x 65cm,F 438 - JH 1571,deep554_coal_barges.jpg
Interior Of The Restaurant Venissac In Arles,1888,Arles,54 x 64.5cm,F 549 - JH 1572,deep555_interior_of_the_restaurant_venissac_in_arles.jpg
Interior Of The Restaurant In Arles,1888,Arles,65.5 x 81cm,F 549a - JH 1573,deep556_interior_of_the_restaurant_in_arles.jpg
Portrait Of Eugene Boch,1888,Arles,60 x 45cm,F 462 - JH 1574,deep557_portrait_of_eugene_boch.jpg
The Night Cafã©,1888,Arles,70 x 89cm,F 463 - JH 1575,deep558_the_night_café.jpg
The Old Mill,1888,Arles,64.5 x 54cm,F 550 - JH 1577,deep559_the_old_mill.jpg
The Poet'S Garden,1888,Arles,73 x 91.2cm,F 468 - JH 1578,deep560_the_poet's_garden.jpg
Cafã© Terrace At Night,1888,Arles,81 x 65.5cm,F 467 - JH 1580,deep561_café_terrace_at_night.jpg
Self-Portrait (Dedicated To Paul Gauguin),1888,Arles,62 x 52cm,F 476 - JH 1581,deep562_self-portrait_(dedicated_to_paul_gauguin).jpg
A Lane In The Public Garden At Arles,1888,Arles,73 x 92cm,F 470 - JH 1582,deep563_a_lane_in_the_public_garden_at_arles.jpg
Entrance To The Public Park In Arles,1888,Arles,72.5 x 91cm,F 566 - JH 1585,deep564_entrance_to_the_public_park_in_arles.jpg
Ploughed Field,1888,Arles,72.5 x 92.5cm,F 574 - JH 1586,deep565_ploughed_field.jpg
"Portrait Of Miliet, Second Lieutenant Of The Zouaves",1888,Arles,60 x 49cm,F 473 - JH 1588,"deep566_portrait_of_miliet,_second_lieutenant_of_the_zouaves.jpg"
The Yellow House,1888,Arles,72 x 91.5cm,F 464 - JH 1589,deep567_the_yellow_house.jpg
Starry Night Over The Rhã´Ne,1888,Arles,72.5 x 92,F 474 - JH 1592,deep568_starry_night_over_the_rhône.jpg
The Green Vineyard,1888,Arles,72 x 92cm,F 475 - JH 1595,deep569_the_green_vineyard.jpg
The Sower: Outskirts Of Arles In The Background,1888,Arles,33.6 x 40.4cm,F 575a - JH 1596,deep570_the_sower.jpg
Willows At Sunset,1888,Arles,31.5 x 34.5cm,F 572 - JH 1597,deep571_willows_at_sunset.jpg
The Public Park At Arles,1888,Arles,72 x 93cm,F 472 - JH 1598,deep572_the_public_park_at_arles.jpg
The Brothel,1888,Arles,33 x 41cm,F 478 - JH 1599,deep573_the_brothel.jpg
Portrait Of The Artist'S Mother,1888,Arles,40.5 x 32.5cm,F 477 - JH 1600,deep574_portrait_of_the_artist's_mother.jpg
Public Garden With Couple And Blue Fir Tree: The Poet'S Garden Iii,1888,Arles,73 x 92cm,F 479 - JH 1601,deep575_public_garden_with_couple_and_blue_fir_tree.jpg
"The Railway Bridge Over Avenue Montmajour, Arles",1888,Arles,71 x 92cm,F 480 - JH 1603,"deep576_the_railway_bridge_over_avenue_montmajour,_arles.jpg"
The Trinquetaille Bridge,1888,Arles,73.5 x 92.5cm,F 481 - JH 1604,deep577_the_trinquetaille_bridge.jpg
Tarascon Diligence,1888,Arles,72 x 92cm,F 478a - JH 1605,deep578_tarascon_diligence.jpg
Bedroom In Arles,1888,Arles,72 x 90cm,F 482 - JH 1608,deep579_bedroom_in_arles.jpg
Still Life: French Novels,1888,Arles,53 x 73.2cm,F 358 - JH 1612,deep580_still_life.jpg
The Park At Arles With The Entrance Seen Through The Trees,1888,Arles,74 x 62cm,F 471 - JH 1613,deep581_the_park_at_arles_with_the_entrance_seen_through_the_trees.jpg
The Lovers: The Poet'S Garden Iv,1888,Arles,75 x 92cm,F 485 - JH 1615,deep582_the_lovers.jpg
The Sower,1888,Arles,72 x 91.5cm,F 494 - JH 1617,deep583_the_sower.jpg
Trunk Of An Old Yew Tree,1888,Arles,91 x 71cm,F 573 - JH 1618,deep584_trunk_of_an_old_yew_tree.jpg
Les Alyscamps: Falling Autumn Leaves,1888,Arles,73 x 92cm,F 486 - JH 1620,deep585_les_alyscamps.jpg
Les Alyscamps,1888,Arles,72 x 91cm,F 487 - JH 1621,deep586_les_alyscamps.jpg
Les Alyscamps,1888,Arles,93 x 72cm,F 568 - JH 1622,deep587_les_alyscamps.jpg
Les Alyscamps,1888,Arles,92 x 73.5cm,F 569 - JH 1623,deep588_les_alyscamps.jpg
L'Arlã©Sienne: Madame Ginoux With Books,1888,Arles,91.4 x 73.7cm,F 488 - JH 1624,deep589_l'arlésienne.jpg
L'Arlã©Sienne: Madame Ginoux With Gloves And Umbrella,1888,Arles,93 x 74cm,F 489 - JH 1625,deep590_l'arlésienne.jpg
The Red Vineyard,1888,Arles,75 x 93cm,F 495 - JH 1626,deep591_the_red_vineyard.jpg
The Sower,1888,Arles,Oil on burlap on canvas 73.5 x 93,F 450 - JH 1627,deep592_the_sower.jpg
The Sower,1888,Arles,32 x 40cm,F 451 - JH 1628,deep593_the_sower.jpg
Memory Of The Garden At Etten,1888,Arles,73.5 x 92.5cm,F 496 - JH 1630,deep594_memory_of_the_garden_at_etten.jpg
The Novel Reader,1888,Arles,73 x 92cm,F 497 - JH 1632,deep595_the_novel_reader.jpg
Self Portrait,1888,Arles,46 x 38cm,F 501 - JH 1634,deep596_self_portrait.jpg
Mother Roulin With Her Baby,1888,Arles,92 x 73.5cm,F 490 - JH 1637,deep597_mother_roulin_with_her_baby.jpg
Mother Roulin With Her Baby,1888,Arles,63.5 x 51cm,F 491 - JH 1638,deep598_mother_roulin_with_her_baby.jpg
Portrait Of Armand Roulin,1888,Arles,65 x 54.1cm,F 492 - JH 1642,deep599_portrait_of_armand_roulin.jpg
Portrait Of Armand Roulin,1888,Arles,65 x 54cm,F 493 - JH 1643,deep600_portrait_of_armand_roulin.jpg
Portrait Of Camille Roulin,1888,Arles,43 x 35cm,F 537 - JH 1644,deep601_portrait_of_camille_roulin.jpg
Portrait Of Camille Roulin,1888,Arles,40.5 x 32.5cm,F 538 - JH 1645,deep602_portrait_of_camille_roulin.jpg
Portrait Of Madame Augustine Roulin,1888,Arles,55 x 65cm,F 503 - JH 1646,deep603_portrait_of_madame_augustine_roulin.jpg
Portrait Of The Postman Joseph Roulin,1888,Arles,65 x 54cm,F 434 - JH 1647,deep604_portrait_of_the_postman_joseph_roulin.jpg
Paul Gauguin (Man In A Red Beret),1888,Arles,Oil on jute 37 x 33cm,F 546,deep605_paul_gauguin_(man_in_a_red_beret).jpg
Van Gogh'S Chair,1888,Arles,93 x 73.5cm,F 498 - JH 1635,deep606_van_gogh's_chair.jpg
Paul Gauguin'S Armchair,1888,Arles,90.5 x 72.5cm,F 499 - JH 1636,deep607_paul_gauguin's_armchair.jpg
Baby Marcelle Roulin,1888,Arles,35 x 24cm,F 440 - JH 1639,deep608_baby_marcelle_roulin.jpg
Baby Marcelle Roulin,1888,Arles,34.3 x 23.5cm,F 441a - JH 1640,deep609_baby_marcelle_roulin.jpg
Baby Marcelle Roulin,1888,Arles,35 x 24.5cm,F 441 - JH 1641,deep610_baby_marcelle_roulin.jpg
Young Man With A Cap,1888,Arles,47.5 x 39cm,F 536 - JH 1648,deep611_young_man_with_a_cap.jpg
Portrait Of A Man,1888,Arles,65 x 54.5cm,F 533 - JH 1649,deep612_portrait_of_a_man.jpg
Portrait Of A One-Eyed Man,1888,Arles,56 x 36.5cm,F 532 - JH 1650,deep613_portrait_of_a_one-eyed_man.jpg
The Smoker,1888,Arles,62 x 47cm,F 534 - JH 1651,deep614_the_smoker.jpg
The Dance Hall In Arles,1888,Arles,65 x 81cm,F 547 - JH 1652,deep615_the_dance_hall_in_arles.jpg
Spectators In The Arena At Arles,1888,Arles,73 x 92cm,F 548 - JH 1653,deep616_spectators_in_the_arena_at_arles.jpg
La Berceuse (Augustine Roulin),1888,Arles,92 x 73cm,F 504 - JH 1655,deep617_la_berceuse_(augustine_roulin).jpg
The Schoolboy (Camille Roulin),1888,Arles,63.5 x 54cm,F 665 - JH 1879,deep618_the_schoolboy_(camille_roulin).jpg
"Still Life: Drawing Board, Pipe, Onions And Sealing-Wax",1889,Arles,50 x 64cm,F 604 - JH 1656,deep619_still_life.jpg
Self-Portrait With Bandaged Ear,1889,Arles,60 x 49cm,F 527 - JH 1657,deep620_self-portrait_with_bandaged_ear.jpg
Self-Portrait With Bandaged Ear And Pipe,1889,Arles,51 x 45cm,F 529 - JH 1658,deep621_self-portrait_with_bandaged_ear_and_pipe.jpg
Portrait Of Doctor Fã©Lix Rey,1889,Arles,64 x 53cm,F 500 - JH 1659,deep622_portrait_of_doctor_félix_rey.jpg
Still Life: Two Red Herrings,1889,Arles,33 x 47cm,F 283a - JH 1660,deep623_still_life.jpg
Still Life: Bloaters On A Piece Of Yellow Paper,1889,Arles,33 x 41cm,F 510 - JH 1661,deep624_still_life.jpg
Two Crabs,1889,Arles,47 x 61cm,F 606 - JH 1662,deep625_two_crabs.jpg
Crab On Its Back,1889,Arles,38 x 46.5cm,F 605 - JH 1663,deep626_crab_on_its_back.jpg
"Still Life With Oranges, Lemons And Blue Gloves",1889,Arles,47.3 x 64.3cm,F 502 - JH 1664,"deep627_still_life_with_oranges,_lemons_and_blue_gloves.jpg"
Still Life: Vase With Fifteen Sunflowers Â€ ,1889,Arles,100.5 x 76.5cm,F 457 - JH 1666,deep628_still_life.jpg
Still Life: Vase With Fifteen Sunflowers,1889,Arles,95 x 73cm,F 458 - JH 1667,deep629_still_life.jpg
Still Life: Vase With Twelve Sunflowers,1889,Arles,92 x 72.5cm,F 455 - JH 1668,deep630_still_life.jpg
La Berceuse (Augustine Roulin),1889,Arles,93 x 74cm,F 505 - JH 1669,deep631_la_berceuse_(augustine_roulin).jpg
La Berceuse (Augustine Roulin),1889,Arles,92.7 x 73.8cm,F 506 - JH 1670,deep632_la_berceuse_(augustine_roulin).jpg
La Berceuse (Augustine Roulin),1889,Arles,92.7 x 73.8cm,F 508 - JH 1671,deep633_la_berceuse_(augustine_roulin).jpg
La Berceuse (Augustine Roulin),1889,Arles,91 x 71.5cm,F 507 - JH 1672,deep634_la_berceuse_(augustine_roulin).jpg
Portrait Of The Postman Joseph Roulin,1889,Arles,65 x 54cm,F 439 - JH 1673,deep635_portrait_of_the_postman_joseph_roulin.jpg
Portrait Of The Postman Joseph Roulin,1889,Arles,67.5 x 56cm,F 435 - JH 1674,deep636_portrait_of_the_postman_joseph_roulin.jpg
Portrait Of The Postman Joseph Roulin Â€ ,1889,Arles,64 x 54.5cm,F 436 - JH 1675,deep637_portrait_of_the_postman_joseph_roulin.jpg
Grass And Butterflies,1889,Arles,51 x 51cm,F 460 - JH 1676,deep638_grass_and_butterflies.jpg
Two White Butterflies,1889,Arles,55 x 45.5cm,F 402 - JH 1677,deep639_two_white_butterflies.jpg
Clumps Of Grass,1889,Arles,44.5 x 49cm,F 582 - JH 1678,deep640_clumps_of_grass.jpg
Rosebush In Blossom,1889,Arles,33 x 42cm,F 580 - JH 1679,deep641_rosebush_in_blossom.jpg
A Field Of Yellow Flowers,1889,Arles,35 x 57cm,F 584 - JH 1680,deep642_a_field_of_yellow_flowers.jpg
La Crau With Peach Trees In Blossom,1889,Arles,65.5 x 81.5cm,F 514 - JH 1681,deep643_la_crau_with_peach_trees_in_blossom.jpg
View Of Arles With Trees In Blossom,1889,Arles,50.5 x 65cm,F 515 - JH 1683,deep644_view_of_arles_with_trees_in_blossom.jpg
"View Of Arles, Flowering Orchards",1889,Arles,72 x 92cm,F 516 - JH 1685,"deep645_view_of_arles,_flowering_orchards.jpg"
Ward In The Hospital In Arles,1889,Arles,74 x 92cm,F 646 - JH 1686,deep646_ward_in_the_hospital_in_arles.jpg
Garden Of The Hospital In Arles,1889,Arles,73 x 92cm,F 519 - JH 1687,deep647_garden_of_the_hospital_in_arles.jpg
Red Chestnuts In The Public Park At Arles,1889,Arles,72.5 x 92cm,F 517 - JH 1689,deep648_red_chestnuts_in_the_public_park_at_arles.jpg
Pollard Willows,1889,Arles,55 x 65cm,F 520 - JH 1690,deep649_pollard_willows.jpg
Irises,1889,Saint-Rémy,71 x 93cm,F 608 - JH 1691,deep650_irises.jpg
Lilacs,1889,Saint-Rémy,73 x 92cm,F 579 - JH 1692,deep651_lilacs.jpg
A Corner In The Garden Of Saint-Paul Hospital,1889,Saint-Rémy,92 x 72cm,F 609 - JH 1693,deep652_a_corner_in_the_garden_of_saint-paul_hospital.jpg
The Garden Of Saint-Paul Hospital,1889,Saint-Rémy,95 x 75.5cm,F 734 - JH 1698,deep653_the_garden_of_saint-paul_hospital.jpg
The Iris,1889,Saint-Rémy,Oil on paper on canvas 62.2 x 48.3cm,F 601 - JH 1699,deep654_the_iris.jpg
Great Peacock Moth,1889,Saint-Rémy,33.5 x 24.5cm,F 610 - JH 1702,deep655_great_peacock_moth.jpg
Field Of Spring Wheat At Sunrise,1889,Saint-Rémy,72 x 95cm,F 720 - JH 1728,deep656_field_of_spring_wheat_at_sunrise.jpg
At The Foot Of The Mountains,1889,Saint-Rémy,72 x 95cm,F 723 - JH 1722,deep657_at_the_foot_of_the_mountains.jpg
Mountainous Landscape Behind Saint-Paul Hospital,1889,Saint-Rémy,70.5 x 88.5cm,F 611 - JH 1723,deep658_mountainous_landscape_behind_saint-paul_hospital.jpg
Green Wheat Field With Cypress,1889,Saint-Rémy,73.5 x 92.5cm,F 719 - JH 1725,deep659_green_wheat_field_with_cypress.jpg
Green Wheat Field,1889,Saint-Rémy,73 x 92cm,F 718 - JH 1727,deep660_green_wheat_field.jpg
The Starry Night,1889,Saint-Rémy,73 x 92cm,F 612 - JH 1731,deep661_the_starry_night.jpg
Olive Trees With The Alpilles In The Background,1889,Saint-Rémy,72.5 x 92cm,F 712 - JH 1740,deep662_olive_trees_with_the_alpilles_in_the_background.jpg
Le Mont Gaussier With The Mas De Saint-Paul,1889,Saint-Rémy,53 x 70cm,F 725 - JH 1744,deep663_le_mont_gaussier_with_the_mas_de_saint-paul.jpg
Cypresses,1889,Saint-Rémy,93.3 x 74cm,F 613 - JH 1746,deep664_cypresses.jpg
Cypresses With Two Female Figures,1889,Saint-Rémy,92 x 73cm,F 620 - JH 1748,deep665_cypresses_with_two_female_figures.jpg
Field With Poppies,1889,Saint-Rémy,71 x 91cm,F 581 - JH 1751,deep666_field_with_poppies.jpg
Wheat Field With Reaper And Sun,1889,Saint-Rémy,72 x 92cm,F 617 - JH 1753,deep667_wheat_field_with_reaper_and_sun.jpg
Wheat Field With Cypresses,1889,Saint-Rémy,73 x 93.5cm,F 717 - JH 1756,deep668_wheat_field_with_cypresses.jpg
Olive Grove,1889,Saint-Rémy,72 x 92cm,F 585 - JH 1758,deep669_olive_grove.jpg
Olive Orchard,1889,Saint-Rémy,73 x 93cm,F 715 - JH 1759,deep670_olive_orchard.jpg
Olive Grove: Bright Blue Sky,1889,Saint-Rémy,45.5 x 59.5cm,F 709 - JH 1760,deep671_olive_grove.jpg
Evening Landscape With Rising Moon,1889,Saint-Rémy,72 x 92.5cm,F 735 - JH 1761,deep672_evening_landscape_with_rising_moon.jpg
Tree Trunks With Ivy,1889,Saint-Rémy,73 x 92.5cm,F 746 - JH 1762,deep673_tree_trunks_with_ivy.jpg
Tree Trunks With Ivy,1889,Saint-Rémy,45 x 60cm,F 747 - JH 1763,deep674_tree_trunks_with_ivy.jpg
Underground With Ivy,1889,Saint-Rémy,49 x 65cm,F 745 - JH 1764,deep675_underground_with_ivy.jpg
Mountains At Saint-Rémy With Dark Cottage,1889,Saint-Rémy,71.8 x 90.8cm,F 622 - JH 1766,deep676_mountains_at_saint-rémy_with_dark_cottage.jpg
Entrance To A Quarry,1889,Saint-Rémy,60 x 73.5cm,F 744 - JH 1802,deep677_entrance_to_a_quarry.jpg
Enclosed Field With Ploughman,1889,Saint-Rémy,49 x 62cm,F 625 - JH 1768,deep678_enclosed_field_with_ploughman.jpg
Self-Portrait,1889,Saint-Rémy,57 x 43.5cm,F 626 - JH 1770,deep679_self-portrait.jpg
Self-Portrait Without Beard,1889,Saint-Rémy,40 x 31cm,F 525 - JH 1665,deep680_self-portrait_without_beard.jpg
Wheat Field With Cypresses,1889,Saint-Rémy,72.5 x 91.5cm,F 615 - JH 1755,deep681_wheat_field_with_cypresses.jpg
Bedroom In Arles,1889,Saint-Rémy,73.6 x 92.3cm,F 484 - JH 1771,deep682_bedroom_in_arles.jpg
Self-Portrait,1889,Saint-Rémy,65 x 54cm,F 627 - JH 1772,deep683_self-portrait.jpg
Wheat Fields With Reaper At Sunrise,1889,Saint-Rémy,73 x 92cm,F 618 - JH 1773,deep684_wheat_fields_with_reaper_at_sunrise.jpg
"Portrait Of Trabuc, An Attendant At Saint-Paul Hospital",1889,Saint-Rémy,61 x 46cm,F 629 - JH 1774,"deep685_portrait_of_trabuc,_an_attendant_at_saint-paul_hospital.jpg"
"Pietã , After Delacroix",1889,Saint-Rémy,73 x 60.5cm,F 630 - JH 1775,"deep686_pietà,_after_delacroix.jpg"
"Pietã , After Delacroix",1889,Saint-Rémy,42 x 34cm,F 757 - JH 1776,"deep687_pietà,_after_delacroix.jpg"
Portrait Of Madame Trabuc,1889,Saint-Rémy,Oil on canvas on panel 64 x 49cm,F 631 - JH 1777,deep688_portrait_of_madame_trabuc.jpg
"Half Figure Of An Angel, After Rembrandt",1889,Saint-Rémy,54 x 64cm,F 624 - JH 1778,"deep689_half_figure_of_an_angel,_after_rembrandt.jpg"
Portrait Of A Young Peasant,1889,Saint-Rémy,61 x 50cm,F 531 - JH 1779,deep690_portrait_of_a_young_peasant.jpg
"Peasant Woman Binding Sheaves, After Millet",1889,Saint-Rémy,43 x 33cm,F 700 - JH 1781,"deep691_peasant_woman_binding_sheaves,_after_millet.jpg"
"Reaper With Sickle, After Millet",1889,Saint-Rémy,44 x 33cm,F 687 - JH 1782,"deep692_reaper_with_sickle,_after_millet.jpg"
"The Reaper, After Millet",1889,Saint-Rémy,43.5 x 25cm,F 688 - JH 1783,"deep693_the_reaper,_after_millet.jpg"
"The Thresher, After Millet",1889,Saint-Rémy,44 x 27.5cm,F 692 - JH 1784,"deep694_the_thresher,_after_millet.jpg"
"The Sheaf-Binder, After Millet",1889,Saint-Rémy,44.5 x 32cm,F 693 - JH 1785,"deep695_the_sheaf-binder,_after_millet.jpg"
"The Spinner, After Millet",1889,Saint-Rémy,40 x 25.5cm,F 696 - JH 1786,"deep696_the_spinner,_after_millet.jpg"
"The Sheaf-Shearers, After Millet",1889,Saint-Rémy,43.5 x 29.5cm,F 634 - JH 1787,"deep697_the_sheaf-shearers,_after_millet.jpg"
"Peasant Woman Cutting Straw, After Millet",1889,Saint-Rémy,40.5 x 26.5cm,F 697 - JH 1788,"deep698_peasant_woman_cutting_straw,_after_millet.jpg"
"Peasant Woman With A Rake, After Millet",1889,Saint-Rémy,39 x 24cm,F 698 - JH 1789,"deep699_peasant_woman_with_a_rake,_after_millet.jpg"
Wheat Field With Cypresses,1889,Saint-Rémy,51.5 x 65cm,F 743 - JH 1790,deep700_wheat_field_with_cypresses.jpg
Olive Trees,1889,Saint-Rémy,53.5 x 64.5cm,F 711 - JH 1791,deep701_olive_trees.jpg
Wheat Field Behind Saint-Paul Hospital With A Reaper,1889,Saint-Rémy,59.5 x 72.5cm,F 619 - JH 1792,deep702_wheat_field_behind_saint-paul_hospital_with_a_reaper.jpg
Bedroom In Arles,1889,Saint-Rémy,56.5 x 74cm,F 483 - JH 1793,deep703_bedroom_in_arles.jpg
Entrance To A Quarry Near Saint-Rémy,1889,Saint-Rémy,52 x 64cm,F 635 - JH 1767,deep704_entrance_to_a_quarry_near_saint-rémy.jpg
Field With Ploughman And Mill,1889,Saint-Rémy,54 x 67cm,F 706 - JH 1794,deep705_field_with_ploughman_and_mill.jpg
Enclosed Field With Peasant,1889,Saint-Rémy,73.5 x 92cm,F 641 - JH 1795,deep706_enclosed_field_with_peasant.jpg
The Mulberry Tree,1889,Saint-Rémy,54 x 65cm,F 637 - JH 1796,deep707_the_mulberry_tree.jpg
Two Poplars On A Road Through The Hills,1889,Saint-Rémy,61.6 x 45.7cm,F 638 - JH 1797,deep708_two_poplars_on_a_road_through_the_hills.jpg
Trees In The Garden Of Saint-Paul Hospital,1889,Saint-Rémy,73 x 60cm,F 642 - JH 1798,deep709_trees_in_the_garden_of_saint-paul_hospital.jpg
Trees In The Garden Of Saint-Paul Hospital,1889,Saint-Rémy,90.2 x 73.3cm,F 643 - JH 1799,deep710_trees_in_the_garden_of_saint-paul_hospital.jpg
The Garden Of Saint-Paul Hospital,1889,Saint-Rémy,65 x 49cm,F 640 - JH 1800,deep711_the_garden_of_saint-paul_hospital.jpg
Trees In The Garden Of Saint-Paul Hospital,1889,Saint-Rémy,42 x 32cm,F 731 - JH 1801,deep712_trees_in_the_garden_of_saint-paul_hospital.jpg
Les Peiroulets Ravine,1889,Saint-Rémy,32 x 41cm,F 645 - JH 1803,deep713_les_peiroulets_ravine.jpg
Les Peiroulets Ravine,1889,Saint-Rémy,73 x 92cm,F 662 - JH 1804,deep714_les_peiroulets_ravine.jpg
"The Man Is At Sea, After Demont-Breton",1889,Saint-Rémy,66 x 51cm,F 644 - JH 1805,"deep715_the_man_is_at_sea,_after_demont-breton.jpg"
Portrait Of A Patient In Saint-Paul Hospital,1889,Saint-Rémy,32.5 x 23.5cm,F 703 - JH 1832,deep716_portrait_of_a_patient_in_saint-paul_hospital.jpg
"Two Peasants Digging, After Millet",1889,Saint-Rémy,72 x 92cm,F 648 - JH 1833,"deep717_two_peasants_digging,_after_millet.jpg"
"Evening: The Watch, After Millet",1889,Saint-Rémy,74.5 x 93.5cm,F 647 - JH 1834,deep718_evening.jpg
"The Sower, After Millet",1889,Saint-Rémy,80.8 x 66cm,F 690 - JH 1837,"deep719_the_sower,_after_millet.jpg"
The Garden Of Saint-Paul Hospital,1889,Saint-Rémy,50 x 63cm,F 730 - JH 1841,deep720_the_garden_of_saint-paul_hospital.jpg
The Walk: Falling Leaves,1889,Saint-Rémy,73.5 x 60.5cm,F 651 - JH 1844,deep721_the_walk.jpg
View Of The Asylum And Chapel Of Saint-Rémy,1889,Saint-Rémy,44.5 x 60cm,F 803 - JH 2124,deep722_view_of_the_asylum_and_chapel_of_saint-rémy.jpg
"The Sower, After Millet",1889,Saint-Rémy,64 x 55cm,F 689 - JH 1836,"deep723_the_sower,_after_millet.jpg"
"Evening: The End Of The Day, After Millet",1889,Saint-Rémy,72 x 94cm,F 649 - JH 1835,deep724_evening.jpg
"The Shepherdess, After Millet",1889,Saint-Rémy,52.7 x 40.7cm,F 699 - JH 1838,"deep725_the_shepherdess,_after_millet.jpg"
Wheat Field In Rain,1889,Saint-Rémy,74.3 x 93.1cm,F 650 - JH 1839,deep726_wheat_field_in_rain.jpg
Pine Trees With Figure In The Garden Of Saint-Paul Hospital,1889,Saint-Rémy,58 x 45cm,F 653 - JH 1840,deep727_pine_trees_with_figure_in_the_garden_of_saint-paul_hospital.jpg
Stone Bench In The Garden Of Saint-Paul Hospital,1889,Saint-Rémy,39.5 x 47.5cm,F 732 - JH 1842,deep728_stone_bench_in_the_garden_of_saint-paul_hospital.jpg
Pine Trees Against A Red Sky With Setting Sun,1889,Saint-Rémy,92 x 73cm,F 652 - JH 1843,deep729_pine_trees_against_a_red_sky_with_setting_sun.jpg
The Garden Of Saint-Paul Hospital With Figure,1889,Saint-Rémy,61 x 50cm,F 733 - JH 1845,deep730_the_garden_of_saint-paul_hospital_with_figure.jpg
Study Of Pine Trees,1889,Saint-Rémy,46 x 51cm,F 742 - JH 1846,deep731_study_of_pine_trees.jpg
Landscape With Trees And Figures,1889,Saint-Rémy,49.9 x 65.4cm,F 818 - JH 1848,deep732_landscape_with_trees_and_figures.jpg
The Garden Of Saint-Paul Hospital,1889,Saint-Rémy,73.1 x 92.6cm,F 660 - JH 1849,deep733_the_garden_of_saint-paul_hospital.jpg
Olive Grove: Orange Sky,1889,Saint-Rémy,74 x 93cm,F 586 - JH 1854,deep734_olive_grove.jpg
Olive Grove: Pale Blue Sky,1889,Saint-Rémy,72.7 x 92.1cm,F 708 - JH 1855,deep735_olive_grove.jpg
Olive Trees With Yellow Sky And Sun,1889,Saint-Rémy,73.7 x 92.7cm,F 710 - JH 1856,deep736_olive_trees_with_yellow_sky_and_sun.jpg
Olive Trees: Bright Blue Sky,1889,Saint-Rémy,49 x 63cm,F 714 - JH 1858,deep737_olive_trees.jpg
The Large Plane Trees,1889,Saint-Rémy,73.4 x 91.8cm,F 657 - JH 1860,deep738_the_large_plane_trees.jpg
The Road Menders,1889,Saint-Rémy,71 x 93cm,F 658 - JH 1861,deep739_the_road_menders.jpg
The Diggers,1889,Saint-Rémy,65.1 x 50.2cm,F 701 - JH 1847,deep740_the_diggers.jpg
Olive Grove,1889,Saint-Rémy,73 x 92cm,F 707 - JH 1857,deep741_olive_grove.jpg
Wheat Field Behind Saint-Paul Hospital,1889,Saint-Rémy,24 x 33.7cm,F 722 - JH 1872,deep742_wheat_field_behind_saint-paul_hospital.jpg
Olive Trees Against A Slope Of A Hill,1889,Saint-Rémy,33.5 x 40cm,F 716 - JH 1878,deep743_olive_trees_against_a_slope_of_a_hill.jpg
The Garden Of Saint-Paul Hospital,1889,Saint-Rémy,71.5 x 90.5cm,F 659 - JH 1850,deep744_the_garden_of_saint-paul_hospital.jpg
Olive Grove With Picking Figures,1889,Saint-Rémy,73 x 92cm,F 587 - JH 1853,deep745_olive_grove_with_picking_figures.jpg
Enclosed Field With Rising Sun,1889,Saint-Rémy,71 x 90.5cm,F 737 - JH 1862,deep746_enclosed_field_with_rising_sun.jpg
A Meadow In The Mountains: Le Mas De Saint-Paul,1889,Saint-Rémy,73 x 91.5cm,F 721 - JH 1864,deep747_a_meadow_in_the_mountains.jpg
The White Cottage Among The Olive Trees,1889,Saint-Rémy,70 x 60cm,F 664 - JH 1865,deep748_the_white_cottage_among_the_olive_trees.jpg
Landscape With Olive Tree And Mountains In The Background,1889,Saint-Rémy,45 x 55cm,F 663 - JH 1866,deep749_landscape_with_olive_tree_and_mountains_in_the_background.jpg
Olive Picking,1889,Saint-Rémy,73 x 92cm,F 654 - JH 1868,deep750_olive_picking.jpg
Olive Picking,1889,Saint-Rémy,72.4 x 89.9cm,F 655 - JH 1869,deep751_olive_picking.jpg
Olive Picking,1889,Saint-Rémy,73 x 92cm,F 656 - JH 1870,deep752_olive_picking.jpg
Les Peiroulets Ravine,1889,Saint-Rémy,72 x 92cm,F 661 - JH 1871,deep753_les_peiroulets_ravine.jpg
Wooden Sheds,1889,Saint-Rémy,45.5 x 60cm,F 623 - JH 1873,deep754_wooden_sheds.jpg
Landscape In The Neighbourhood Of Saint-Rémy,1889,Saint-Rémy,33 x 41cm,F 726 - JH 1874,deep755_landscape_in_the_neighbourhood_of_saint-rémy.jpg
A Road At Saint-Remy With Female Figure,1889,Saint-Rémy,32.2 x 40.5cm,F 728 - JH 1875,deep756_a_road_at_saint-remy_with_female_figure.jpg
Field With Two Rabbits,1889,Saint-Rémy,32.5 x 40.5cm,F 739 - JH 1876,deep757_field_with_two_rabbits.jpg
Valley With Ploughman Seen From Above,1889,Saint-Rémy,33 x 41cm,F 727 - JH 1877,deep758_valley_with_ploughman_seen_from_above.jpg
"Morning: Peasant Couple Going To Work, After Millet",1890,Saint-Rémy,73 x 92cm,F 684 - JH 1880,deep759_morning.jpg
"The Siesta, After Millet",1890,Saint-Rémy,73 x 91cm,F 686 - JH 1881,"deep760_the_siesta,_after_millet.jpg"
"The Plough And The Harrow, After Millet",1890,Saint-Rémy,72 x 92cm,F 632 - JH 1882,"deep761_the_plough_and_the_harrow,_after_millet.jpg"
"First Steps, After Millet",1890,Saint-Rémy,72.4 x 91.2cm,F 668 - JH 1883,"deep762_first_steps,_after_millet.jpg"
"The Drinkers, After Daumier",1890,Saint-Rémy,59.4 x 73.4cm,F 667 - JH 1884,"deep763_the_drinkers,_after_daumier.jpg"
"Prisoners' Round, After Dorã©",1890,Saint-Rémy,80 x 64cm,F 669 - JH 1885,deep764_prisoners_round_after_dore.jpg
"The Woodcutter, After Millet",1890,Saint-Rémy,43.5 x 25cm,F 670 - JH 1886,"deep765_the_woodcutter,_after_millet.jpg"
Cypresses And Two Women,1890,Saint-Rémy,43.5 x 27cm,F 621 - JH 1888,deep766_cypresses_and_two_women.jpg
Almond Blossoms,1890,Saint-Rémy,73.5 x 92cm,F 671 - JH 1891,deep767_almond_blossoms.jpg
L'Arlã©Sienne (Madame Ginoux),1890,Saint-Rémy,60 x 50cm,F 540 - JH 1892,deep768_l'arlésienne_(madame_ginoux).jpg
L'Arlã©Sienne (Madame Ginoux),1890,Saint-Rémy,65 x 49cm,F 541 - JH 1893,deep769_l'arlésienne_(madame_ginoux).jpg
L'Arlã©Sienne (Madame Ginoux),1890,Saint-Rémy,65 x 54cm,F 542 - JH 1894,deep770_l'arlésienne_(madame_ginoux).jpg
L'Arlã©Sienne (Madame Ginoux),1890,Saint-Rémy,66 x 54cm,F 543 - JH 1895,deep771_l'arlésienne_(madame_ginoux).jpg
Thatched Cottages In The Sunshine: Reminiscence Of The North,1890,Saint-Rémy,50 x 39cm,F 674 - JH 1920,deep772_thatched_cottages_in_the_sunshine.jpg
Cottages: Reminiscence Of The North,1890,Saint-Rémy,45.5 x 43cm,F 673 - JH 1919,deep773_cottages.jpg
Cottages And Cypresses: Reminiscence Of The North,1890,Saint-Rémy,Oil on canvas on panel 29 x 36.5cm,F 675 - JH 1921,deep774_cottages_and_cypresses.jpg
Peasants Lifting Potatoes,1890,Saint-Rémy,32 x 40.5cm,F 694 - JH 1922,deep775_peasants_lifting_potatoes.jpg
Two Peasants Women Digging In Fields With Snow,1890,Saint-Rémy,50 x 64cm,F 695 - JH 1923,deep776_two_peasants_women_digging_in_fields_with_snow.jpg
At Eternity'S Gate,1890,Saint-Rémy,81 x 65cm,F 702 - JH 1967,deep777_at_eternity's_gate.jpg
Pine Trees And Dandelions In The Garden Of Saint-Paul Hospital,1890,Saint-Rémy,72 x 90cm,F 676 - JH 1970,deep778_pine_trees_and_dandelions_in_the_garden_of_saint-paul_hospital.jpg
Wild Roses,1890,Saint-Rémy,24.5 x 33cm,F 597 - JH 2011,deep779_wild_roses.jpg
Roses And Beetle,1890,Saint-Rémy,33.5 x 24.5cm,F 749 - JH 2012,deep780_roses_and_beetle.jpg
Poppies And Butterflies,1890,Saint-Rémy,34.5 x 25.5cm,F 748 - JH 2013,deep781_poppies_and_butterflies.jpg
"The Raising Of Lazarus, After Rembrandt",1890,Saint-Rémy,50 x 65cm,F 677 - JH 1972,"deep782_the_raising_of_lazarus,_after_rembrandt.jpg"
"The Good Samaritan, After Delacroix",1890,Saint-Rémy,73 x 60cm,F 633 - JH 1974,"deep783_the_good_samaritan,_after_delacroix.jpg"
Meadow With Butterflies,1890,Saint-Rémy,64.5 x 81cm,F 672 - JH 1975,deep784_meadow_with_butterflies.jpg
Still Life: Vase With Pink Roses,1890,Saint-Rémy,71 x 90cm,F 681 - JH 1976,deep785_still_life.jpg
Still Life: Vase With Irises Against A Yellow Background,1890,Saint-Rémy,92 x 73.5cm,F 678 - JH 1977,deep786_still_life.jpg
Still Life: Vase With Irises,1890,Saint-Rémy,73.7 x 92.1cm,F 680 - JH 1978,deep787_still_life.jpg
Still Life: Pink Roses In A Vase,1890,Saint-Rémy,92.6 x 73.7cm,F 682 - JH 1979,deep788_still_life.jpg
Green Wheat Fields,1890,Saint-Rémy,73 x 93cm,F 807 - JH 1980,deep789_green_wheat_fields.jpg
Landscape With Couple Walking And Crescent Moon,1890,Saint-Rémy,49.5 x 45.5cm,F 704 - JH 1981,deep790_landscape_with_couple_walking_and_crescent_moon.jpg
Road With Cypress And Star,1890,Saint-Rémy,92 x 73cm,F 683 - JH 1982,deep791_road_with_cypress_and_star.jpg
Thatched Cottages And Houses,1890,Auvers-Sur-Oise,60 x 73cm,F 750 - JH 1984,deep792_thatched_cottages_and_houses.jpg
Houses In Auvers,1890,Auvers-Sur-Oise,72 x 60.5cm,F 805 - JH 1989,deep793_houses_in_auvers.jpg
Chestnut Tree In Blossom,1890,Auvers-Sur-Oise,63 x 50.5cm,F 752 - JH 1991,deep794_chestnut_tree_in_blossom.jpg
Chestnut Tree In Blossom,1890,Auvers-Sur-Oise,70 x 58cm,F 751 - JH 1992,deep795_chestnut_tree_in_blossom.jpg
The House Of Pã¨Re Pilon,1890,Auvers-Sur-Oise,49 x 70cm,F 791 - JH 1995,deep796_the_house_of_père_pilon.jpg
Doctor Gachet'S Garden In Auvers,1890,Auvers-Sur-Oise,73 x 51.5cm,F 755 - JH 1999,deep797_doctor_gachet's_garden_in_auvers.jpg
Village Street In Auvers,1890,Auvers-Sur-Oise,73 x 92cm,F 802 - JH 2001,deep798_village_street_in_auvers.jpg
The House Of Pã¨Re Eloi,1890,Auvers-Sur-Oise,51 x 58cm,F 794 - JH 2002,deep799_the_house_of_père_eloi.jpg
View Of Vessenots Near Auvers,1890,Auvers-Sur-Oise,55 x 65cm,F 797 - JH 2003,deep800_view_of_vessenots_near_auvers.jpg
Blossoming Chestnut Branches,1890,Auvers-Sur-Oise,72 x 91cm,F 820 - JH 2010,deep801_blossoming_chestnut_branches.jpg
Village Street And Steps In Auvers With Figures,1890,Auvers-Sur-Oise,49.8 x 70.1cm,F 795 - JH 2111,deep802_village_street_and_steps_in_auvers_with_figures.jpg
View Of Auvers,1890,Auvers-Sur-Oise,50 x 52cm,F 799 - JH 2004,deep803_view_of_auvers.jpg
Farmhouse With Two Figures,1890,Auvers-Sur-Oise,38 x 45cm,F 806 - JH 2017,deep804_farmhouse_with_two_figures.jpg
Village Street And Steps In Auvers With Two Figures,1890,Auvers-Sur-Oise,20.5 x 26cm,F 796 - JH 2110,deep805_village_street_and_steps_in_auvers_with_two_figures.jpg
Thatched Cottages At Cordeville,1890,Auvers-Sur-Oise,72 x 91cm,F 792 - JH 1987,deep806_thatched_cottages_at_cordeville.jpg
Houses At Auvers,1890,Auvers-Sur-Oise,60.6 x 73cm,F 759 - JH 1988,deep807_houses_at_auvers.jpg
Marguerite Gachet In The Garden,1890,Auvers-Sur-Oise,46 x 55cm,F 756 - JH 2005,deep808_marguerite_gachet_in_the_garden.jpg
The Church At Auvers,1890,Auvers-Sur-Oise,94 x 74cm,F 789 - JH 2006,deep809_the_church_at_auvers.jpg
Portrait Of Dr. Gachet Â€ ,1890,Auvers-Sur-Oise,67 x 56cm,F 753 - JH 2007,deep810_portrait_of_dr._gachet.jpg
Still Life: Pink Roses,1890,Auvers-Sur-Oise,32 x 40.5cm,F 595 - JH 2009,deep811_still_life.jpg
Portrait Of Dr. Gachet,1890,Auvers-Sur-Oise,68 x 57cm,F 754 - JH 2014,deep812_portrait_of_dr._gachet.jpg
Blossoming Acacia Branches,1890,Auvers-Sur-Oise,32.5 x 24cm,F 821 - JH 2015,deep813_blossoming_acacia_branches.jpg
Thatched Cottages In Jorgus,1890,Auvers-Sur-Oise,33 x 40.5cm,F 758 - JH 2016,deep814_thatched_cottages_in_jorgus.jpg
Wheat Field At Auvers With White House,1890,Auvers-Sur-Oise,48.6 x 83.2cm,F 804 - JH 2018,deep815_wheat_field_at_auvers_with_white_house.jpg
Landscape With A Carriage And A Train,1890,Auvers-Sur-Oise,72 x 90cm,F 760 - JH 2019,deep816_landscape_with_a_carriage_and_a_train.jpg
Vineyards With A View Of Auvers,1890,Auvers-Sur-Oise,64.2 x 79.5cm,F 762 - JH 2020,deep817_vineyards_with_a_view_of_auvers.jpg
The Little Stream,1890,Auvers-Sur-Oise,25.5 x 40cm,F 740 - JH 2022,deep818_the_little_stream.jpg
Field With Poppies,1890,Auvers-Sur-Oise,73 x 91.5cm,F 636 - JH 2027,deep819_field_with_poppies.jpg
Daubigny'S Garden,1890,Auvers-Sur-Oise,50.7 x 50.7cm,F 765 - JH 2029,deep820_daubigny's_garden.jpg
Wild Flowers And Thistles In A Vase,1890,Auvers-Sur-Oise,67 x 47cm,F 763 - JH 2030,deep821_wild_flowers_and_thistles_in_a_vase.jpg
White House At Night,1890,Auvers-Sur-Oise,59.5 x 73cm,F 766 - JH 2031,deep822_white_house_at_night.jpg
Still Life: Red Poppies And Daisies,1890,Auvers-Sur-Oise,65 x 50cm,F 280 - JH 2032,deep823_still_life.jpg
Still Life: Glass With Wild Flowers,1890,Auvers-Sur-Oise,41 x 34cm,F 589 - JH 2033,deep824_still_life.jpg
Ears Of Wheat,1890,Auvers-Sur-Oise,64.5 x 48.5cm,F 767 - JH 2034,deep825_ears_of_wheat.jpg
Portrait Of Adeline Ravoux,1890,Auvers-Sur-Oise,67 x 55cm,F 768 - JH 2035,deep826_portrait_of_adeline_ravoux.jpg
Portrait Of Adeline Ravoux,1890,Auvers-Sur-Oise,52 x 52cm,F 786 - JH 2036,deep827_portrait_of_adeline_ravoux.jpg
Portrait Of Adeline Ravoux,1890,Auvers-Sur-Oise,73.7 x 54.7cm,F 769 - JH 2037,deep828_portrait_of_adeline_ravoux.jpg
Wheat Fields Near Auvers,1890,Auvers-Sur-Oise,50 x 101.1cm,F 775 - JH 2038,deep829_wheat_fields_near_auvers.jpg
Landscape With The Chateau Of Auvers At Sunset,1890,Auvers-Sur-Oise,50 x 101cm,F 770 - JH 2040,deep830_landscape_with_the_chateau_of_auvers_at_sunset.jpg
Undergrowth With Two Figures,1890,Auvers-Sur-Oise,50 x 100.5cm,F 773 - JH 2041,deep831_undergrowth_with_two_figures.jpg
Still Life: Glass With Carnations,1890,Auvers-Sur-Oise,41 x 32cm,F 598 - JH 2043,deep832_still_life.jpg
Still Life: Vase With Flower And Thistles,1890,Auvers-Sur-Oise,41 x 34cm,F 599 - JH 2044,deep833_still_life.jpg
Still Life: Japanese Vase With Roses And Anemones,1890,Auvers-Sur-Oise,51 x 51cm,F 764 - JH 2045,deep834_still_life.jpg
Still Life: Vase With Rose-Mallows,1890,Auvers-Sur-Oise,42 x 29cm,F 764a - JH 2046,deep835_still_life.jpg
Marguerite Gachet At The Piano,1890,Auvers-Sur-Oise,102.6 x 50cm,F 772 - JH 2048,deep836_marguerite_gachet_at_the_piano.jpg
Young Man With Cornflower,1890,Auvers-Sur-Oise,39 x 30.5cm,F 787 - JH 2050,deep837_young_man_with_cornflower.jpg
Two Children,1890,Auvers-Sur-Oise,51.2 x 51cm,F 783 - JH 2051,deep838_two_children.jpg
Two Children,1890,Auvers-Sur-Oise,51.5 x 46.5cm,F 784 - JH 2052,deep839_two_children.jpg
Peasant Woman Against A Background Of Wheat,1890,Auvers-Sur-Oise,92 x 73cm,F 774 - JH 2053,deep840_peasant_woman_against_a_background_of_wheat.jpg
Girl In White,1890,Auvers-Sur-Oise,66 x 45cm,F 788 - JH 2055,deep841_girl_in_white.jpg
The Little Arlesienne,1890,Auvers-Sur-Oise,51 x 49cm,F 518 - JH 2056,deep842_the_little_arlesienne.jpg
Child With Orange,1890,Auvers-Sur-Oise,50 x 51cm,F 785 - JH 2057,deep843_child_with_orange.jpg
Garden In Auvers,1890,Auvers-Sur-Oise,64 x 80cm,F 814 - JH 2107,deep844_garden_in_auvers.jpg
The Grove,1890,Auvers-Sur-Oise,73 x 92cm,F 817 - JH 1319,deep845_the_grove.jpg
Wheat Field With Sheaves And Reaper,1890,Auvers-Sur-Oise,73.6 x 93cm,F 559 - JH 1479,deep846_wheat_field_with_sheaves_and_reaper.jpg
Bank Of The Oise At Auvers,1890,Auvers-Sur-Oise,73.3 x 93.6cm,F 798 - JH 2021,deep847_bank_of_the_oise_at_auvers.jpg
"The Cows, After Jordaens",1890,Auvers-Sur-Oise,55 x 65cm,F 822 - JH 2095,"deep848_the_cows,_after_jordaens.jpg"
Landscape At Auvers In The Rain,1890,Auvers-Sur-Oise,50 x 100cm,F 811 - JH 2096,deep849_landscape_at_auvers_in_the_rain.jpg
Wheat Field Under Clouded Sky,1890,Auvers-Sur-Oise,50 x 100.5cm,F 778 - JH 2097,deep850_wheat_field_under_clouded_sky.jpg
Field With Wheat Stacks,1890,Auvers-Sur-Oise,50 x 100cm,F 809 - JH 2098,deep851_field_with_wheat_stacks.jpg
Plain Near Auvers,1890,Auvers-Sur-Oise,73.3 x 92cm,F 782 - JH 2099,deep852_plain_near_auvers.jpg
Wheat Fields,1890,Auvers-Sur-Oise,50 x 40cm,F 812 - JH 2101,deep853_wheat_fields.jpg
Wheat Fields At Auvers Under Clouded Sky,1890,Auvers-Sur-Oise,73 x 92cm,F 781 - JH 2102,deep854_wheat_fields_at_auvers_under_clouded_sky.jpg
Daubigny'S Garden,1890,Auvers-Sur-Oise,53 x 103cm,F 776 - JH 2104,deep855_daubigny's_garden.jpg
Daubigny'S Garden,1890,Auvers-Sur-Oise,50 x 101.5cm,F 777 - JH 2105,deep856_daubigny's_garden.jpg
The Town Hall At Auvers,1890,Auvers-Sur-Oise,72 x 93cm,F 790 - JH 2108,deep857_the_town_hall_at_auvers.jpg
Two Women Crossing The Fields,1890,Auvers-Sur-Oise,Oil on paper on canvas 32 x 64cm,F 819 - JH 2112,deep858_two_women_crossing_the_fields.jpg
Tree Roots,1890,Auvers-Sur-Oise,50 x 100cm,F 816 - JH 2113,deep859_tree_roots.jpg
Farms Near Auvers,1890,Auvers-Sur-Oise,50.2 x 100.3cm,F 793 - JH 2114,deep860_farms_near_auvers.jpg
Thatched Sandstone Cottages In Chaponval,1890,Auvers-Sur-Oise,65 x 81cm,F 780 - JH 2115,deep861_thatched_sandstone_cottages_in_chaponval.jpg
Wheatfield With Crows,1890,Auvers-Sur-Oise,50.5 x 103cm,F 779 - JH 2117,deep862_wheatfield_with_crows.jpg
Wheat Field With Cornflowers,1890,Auvers-Sur-Oise,60 x 81cm,F 808 - JH 2118,deep863_wheat_field_with_cornflowers.jpg
The Fields,1890,Auvers-Sur-Oise,50 x 65cm,F 761 - JH 2120,deep864_the_fields.jpg
Haystacks Under A Rainy Sky,1890,Auvers-Sur-Oise,64 x 52.5cm,F 563 - JH 2121,deep865_haystacks_under_a_rainy_sky.jpg
View Of Auvers With Church,1890,Auvers-Sur-Oise,34 x 42cm,F 800 - JH 2122,deep866_view_of_auvers_with_church.jpg
Wheat Fields With Auvers In The Background,1890,Auvers-Sur-Oise,43 x 50cm,F 801 - JH 2123,deep867_wheat_fields_with_auvers_in_the_background.jpg
Sheaves Of Wheat,1890,Auvers-Sur-Oise,50.5 x 101cm,F 771 - JH 2125,deep868_sheaves_of_wheat.jpg